score,gc_multi,rsi,macd_buy_like,vol_surge,vol_quiet,vol_down,hurst,close,close_adj,adv20,adv20_m,hh252,pct_of_52w_high,max_dd_252,dev200,atr14,natr14,pullback_20d,pullback_60d,adx14,plus_di14,minus_di14,skip_reason,sell_score,sell_reason,sell_trend_break,sell_cross_sma25_down,sell_macd_sell_like,sell_rsi_reversal,sell_trailing_stop,sell_ext_dev200,sell_di_bear,sell_vol_distribution,sell_natr_spike,ticker,skip_reason_yahoo,mkt_price,pe_ttm,pbr,eps_ttm,bps,market_cap,earn_ts,earn_start_ts,earn_end_ts,market_risk_on,market_close,market_ma200,fund_ok,earn_ts_pick,next_earn_date,days_to_earnings,signal_date,name,is_used,excluded_reason
8,True,51.85185185185185,True,False,True,True,0.2835943568610148,5610.0,5610.0,481712300.0,481.7123,6169.0400390625,0.9093797356602248,-0.2674962733103079,0.0677312828411109,112.99450373999956,2.01416227700534,-0.0226480836236934,-0.0523648648648649,15.659066269662969,19.57375238514521,18.886315503779297,,0,,False,False,False,False,False,False,False,False,False,9605.T,,5610.0,17.36197,1.2359052,323.12,4539.183,350553407488.0,1770964200.0,1770964200.0,1770964200.0,True,,,True,1770964200.0,2026-02-13,26.0,2026-01-08,,True,
8,True,49.265905383360526,True,False,True,True,0.4534883260047697,2570.5,2570.5,1797029832.5,1797.0298325,2968.369384765625,0.865963654386282,-0.1687355311425207,0.0052588321025921,51.174891161239984,1.9908535756171943,-0.0130543290458821,-0.0718541252933742,10.627552478573769,19.321500444130475,20.87383364352738,,0,,False,False,False,False,False,False,False,False,False,6417.T,,2570.5,9.933915,2.0386798,258.76,1260.865,507709030400.0,1770273000.0,1770273000.0,1770273000.0,True,,,True,1770273000.0,2026-02-05,14.0,2026-01-16,,True,
8,True,52.05479452054795,True,False,True,True,0.4943171369510917,888.0,888.0,261165185.0,261.165185,983.857177734375,0.9025700275368068,-0.1478171611811298,0.048031531190944,11.543891677966627,1.2999878015728183,-0.0089285714285713,-0.0533049040511727,21.759816663141542,19.51586959213217,19.64506771600826,,1,di_bear,False,False,False,False,False,False,True,False,False,7177.T,,888.0,11.147376,2.000009,79.66,443.998,104774590464.0,,1754289060.0,1754634660.0,True,,,True,1754289060.0,2025-08-04,-119.0,2026-01-16,,True,
8,True,35.07109004739337,True,False,True,False,0.5252777308121923,1584.0,1584.0,462673660.0,462.67366,1877.5758056640625,0.8436410371403191,-0.320282700489271,0.0311553392286738,27.004191985777545,1.704810100112219,-0.0382513661202186,-0.0632761679479597,20.8675008745466,18.76967599142277,25.88913231694129,,1,di_bear,False,False,False,False,False,False,True,False,False,7965.T,,1584.0,17.148424,1.1337682,92.37,1397.111,100576567296.0,1766644200.0,1766989800.0,1766989800.0,True,,,True,1766989800.0,2025-12-29,-14.0,2026-01-16,,True,
8,True,52.777777777777786,True,False,True,True,0.495994175018908,887.0,887.0,253431335.0,253.431335,983.857177734375,0.9015536198481392,-0.1478171611811298,0.0459614554080907,11.505042272397583,1.2970735369106634,-0.0100446428571429,-0.0543710021321961,20.53003752839314,20.04560896619064,18.30344636574828,,0,,False,False,False,False,False,False,False,False,False,7177.T,,887.0,11.136221,1.9977568,79.65,443.998,104656601088.0,,1754289060.0,1754634660.0,True,,,True,1754289060.0,2025-08-04,-120.0,2026-01-19,,True,
8,True,41.11111111111112,True,False,True,False,0.5257266266863001,1582.0,1582.0,466060200.0,466.0602,1877.5758056640625,0.8425758338105965,-0.320282700489271,0.0295513811521686,25.93246398679344,1.639220226725249,-0.0394656952034001,-0.0644589000591365,20.41135416830792,18.700165457362544,25.03342169667808,,1,di_bear,False,False,False,False,False,False,True,False,False,7965.T,,1582.0,17.130482,1.1323367,92.35,1397.111,100449574912.0,1766644200.0,1766989800.0,1766989800.0,True,,,True,1766989800.0,2025-12-29,-15.0,2026-01-19,,True,
8,True,53.98230088495575,True,False,True,True,0.4691659373942378,4925.0,4925.0,407414094.7070313,407.41409470703127,5614.82421875,0.8771423303963072,-0.1692844520817172,0.0898768248931622,81.85871058744863,1.6621057987299213,0.0,-0.1228576696036928,12.226449454665511,25.78359254944158,22.849259030886586,,0,,False,False,False,False,False,False,False,False,False,4221.T,,4925.0,12.725112,0.89500487,387.03,5502.763,55636037632.0,,1754546400.0,1754978400.0,True,,,True,1754546400.0,2025-08-07,-120.0,2026-01-22,,True,
8,True,47.47774480712167,True,False,True,True,0.5016611795687511,2122.0,2122.0,331325195.0,331.325195,2395.0,0.8860125260960334,-0.2319456244689889,0.0434378506623178,45.830365371687705,2.1597721664320315,-0.045434098065677,-0.1139874739039665,26.95919523177488,20.25173289210265,26.46715496781393,,1,di_bear,False,False,False,False,False,False,True,False,False,3034.T,,2122.0,10.608409,1.4645301,200.03,1448.929,79613329408.0,,1753943400.0,1754289000.0,True,,,True,1753943400.0,2025-07-31,-126.0,2026-01-23,,True,
8,True,52.33532934131737,False,False,True,False,0.3623998815613805,2817.0,2817.0,371341975.0,371.341975,3340.0,0.8434131736526946,-0.2080838323353293,0.0610269399900187,86.75595098939856,3.079728469627212,-0.0467005076142131,-0.0824104234527687,15.029904937243092,33.19550273716537,27.62570611238236,,0,,False,False,False,False,False,False,False,False,False,3922.T,,2817.0,21.845676,4.281721,128.95,657.913,38022172672.0,,1752040800.0,1752472800.0,True,,,True,1752040800.0,2025-07-09,-142.0,2026-01-23,,True,
8,True,48.5207100591716,False,False,True,False,0.5389827873497813,6530.0,6530.0,1750508200.0,1750.5082,7180.0,0.9094707520891364,-0.2068452380952381,0.1145246629117597,180.6207849965525,2.766015084173852,-0.0297176820208023,-0.0905292479108634,14.328138509987376,23.69948473086389,24.722674945507283,,0,,False,False,False,False,False,False,False,False,False,7564.T,,6530.0,28.69699,3.8211,227.55,1708.932,532933935104.0,1770705000.0,1770705000.0,1770705000.0,True,,,True,1770705000.0,2026-02-10,12.0,2026-01-23,,True,
8,True,50.125313283208015,False,False,True,True,0.4402442917014814,2147.0,2147.0,505779110.0,505.77911,2548.0,0.8426216640502355,-0.2252747252747252,0.08084311081248,54.874284169161584,2.555858601265095,-0.0608048993875766,-0.0608048993875766,26.546021867084427,24.730645566160103,22.389539091956586,,1,macd_sell_like,False,False,True,False,False,False,False,False,False,8057.T,,2147.0,10.762444,1.4954056,199.49,1435.731,105892184064.0,,1756706400.0,1757052000.0,True,,,True,1756706400.0,2025-09-01,-104.0,2026-01-23,,True,
8,True,48.10126582278482,True,False,True,True,0.5073004033656645,879.0,879.0,235740840.0,235.74084,983.857177734375,0.8934223583387988,-0.1478171611811298,0.0305778510919456,11.098081604566136,1.2625803873226549,-0.0189732142857143,-0.0628997867803837,19.026772278991476,15.590087073185966,23.28909514666468,,0,,False,False,False,False,False,False,False,False,False,7177.T,,879.0,11.038553,1.9797387,79.63,443.998,103712686080.0,,1754289060.0,1754634660.0,True,,,True,1754289060.0,2025-08-04,-127.0,2026-01-28,,True,
8,True,54.406130268199234,True,False,True,True,0.5052292220162364,2121.0,2121.0,321212130.0,321.21213,2395.0,0.8855949895615867,-0.2319456244689889,0.0394081700509407,46.34919388117682,2.1852519510220096,-0.0084151472650771,-0.1144050104384133,21.877104140863164,18.9174460857136,25.6422755730622,,1,di_bear,False,False,False,False,False,False,True,False,False,3034.T,,2121.0,10.599171,1.4638399,200.11,1448.929,79575810048.0,,1753943400.0,1754289000.0,True,,,True,1753943400.0,2025-07-31,-131.0,2026-01-30,,True,
8,True,50.4424778761062,False,False,True,True,0.2881440196688576,1511.0,1511.0,219483155.0,219.483155,1702.7430419921875,0.8873916749248022,-0.1842496908916623,0.0338541537543515,32.277478131369826,2.136166653300452,-0.0363520408163264,-0.0496855345911949,17.584766491184123,20.62849007759765,22.018187577482657,,0,,False,False,False,False,False,False,False,False,False,4914.T,,1511.0,10.649095,0.8855584,141.89,1706.268,147316670464.0,1770964200.0,1770964200.0,1770964200.0,True,,,True,1770964200.0,2026-02-13,8.0,2026-02-03,,True,
8,True,40.930388219544845,False,False,True,True,0.3601434657320576,8822.0,8822.0,10185127770.0,10185.12777,10375.0,0.8503132530120482,-0.4337551409169335,0.0588595128480764,364.11450120556094,4.12734642037589,-0.1049107142857143,-0.1363680861478218,15.535305327489196,23.387007257897785,23.996478072417048,,1,trailing_stop,False,False,False,False,True,False,False,False,False,5631.T,,8822.0,29.415491,3.2208388,299.91,2739.038,649395306496.0,1770618600.0,1770618600.0,1770618600.0,True,,,True,1770618600.0,2026-02-09,4.0,2026-02-03,,True,
8,True,48.49254533650121,False,False,True,True,0.4284628707306284,751.0,751.0,1166206089.078064,1166.206089078064,910.0997924804688,0.8251842338664382,-0.6927723129717747,0.01723292610758,21.908206226107044,2.9172045574044,-0.0400271380477317,-0.1187316606612558,15.526478638576371,17.074498787327556,24.242110996041827,,0,,False,False,False,False,False,False,False,False,False,6966.T,,751.0,14.696673,1.2078441,51.1,621.769,137244999680.0,1765434600.0,1773124200.0,1773124200.0,True,,,True,1773124200.0,2026-03-10,25.0,2026-02-03,,True,
8,True,51.086956521739125,False,False,True,True,0.5101705573643506,3175.0,3175.0,261405025.0,261.405025,3745.7373046875,0.8476301837896463,-0.4647598009604855,0.0666355232190325,103.43795787010122,3.2578884368535816,-0.0349544072948327,-0.085014409221902,12.954942444302995,20.50159125817076,17.157759802469112,,0,,False,False,False,False,False,False,False,False,False,7717.T,,3175.0,38.961838,0.90480745,81.49,3509.034,30014271488.0,,1754546400.0,1754978400.0,True,,,True,1754546400.0,2025-08-07,-128.0,2026-02-03,,True,
8,True,51.333333333333336,True,False,True,True,0.5263316646712708,1565.0,1565.0,254621095.0,254.621095,1877.5758056640625,0.8335216055079542,-0.320282700489271,0.010157540926921,25.35073464857313,1.6198552491101044,-0.0151038388923852,-0.0745121230041395,21.56441169086588,23.02331254701744,27.736129677873038,,2,cross_sma25_down;di_bear,False,True,False,False,False,False,True,False,False,7965.T,,1565.0,16.95558,1.1201687,92.3,1397.111,99370156032.0,1766644200.0,1766989800.0,1766989800.0,True,,,True,1766989800.0,2025-12-29,-26.0,2026-02-03,,True,
8,True,48.93617021276596,False,False,True,True,0.44771666219854,4865.0,4865.0,279677025.0,279.677025,5614.82421875,0.866456332462545,-0.1692844520817172,0.0633678016641288,92.19574709493034,1.895082160224673,-0.0161779575328614,-0.0488899283339736,12.730069214686536,28.914532762512223,23.569923585258216,,0,,False,False,False,False,False,False,False,False,False,4221.T,,4865.0,12.574959,0.8841013,386.88,5502.763,54958235648.0,,1754546400.0,1754978400.0,True,,,True,1754546400.0,2025-08-07,-129.0,2026-02-04,,True,
8,True,50.34013605442177,True,False,True,True,0.5251395089323095,1580.0,1580.0,249485495.0,249.485495,1877.5758056640625,0.8415106304808739,-0.320282700489271,0.0188356674918619,25.682825030817902,1.6254952551150572,-0.0056639395846443,-0.0656416321703133,21.01809874924773,21.102352929669703,27.925016635770035,,1,di_bear,False,False,False,False,False,False,True,False,False,7965.T,,1580.0,17.110678,1.1309052,92.34,1397.111,100322590720.0,1766644200.0,1766989800.0,1766989800.0,True,,,True,1766989800.0,2025-12-29,-27.0,2026-02-04,,True,
8,True,46.75925925925927,True,False,True,True,0.4057229661490382,1631.0,1631.0,334208120.0,334.20812,1952.0,0.8355532786885246,-0.3524699120835735,0.0636684332681354,42.676794220549226,2.6166029565020987,-0.0186522262334536,-0.1644467213114754,19.81629023834938,17.36350551191767,21.767783562039885,,1,cross_sma25_down,False,True,False,False,False,False,False,False,False,2395.T,,1631.0,14.353604,1.7928752,113.63,909.712,67901526016.0,,1754274600.0,1754620200.0,True,,,True,1754274600.0,2025-08-04,-133.0,2026-02-05,,True,
8,True,51.35135135135135,True,False,True,True,0.4452740749529439,4925.0,4925.0,276512775.0,276.512775,5614.82421875,0.8771423303963072,-0.1692844520817172,0.0748459636900336,92.3960508738639,1.8760619466774395,-0.0040444893832153,-0.0371598966176404,13.19057218212605,32.20248975954229,21.83891056388976,,0,,False,False,False,False,False,False,False,False,False,4221.T,,4925.0,12.559931,0.89500487,392.12,5502.763,55636037632.0,,1754546400.0,1754978400.0,True,,,True,1754546400.0,2025-08-07,-130.0,2026-02-05,,True,
8,True,42.578125,False,False,True,True,0.2817604131317055,2539.0,2539.0,564610240.0,564.61024,2909.0,0.8728085252664146,-0.274422825278748,0.0292382057961275,58.86720267368989,2.318519207313505,-0.037163443306788,-0.037163443306788,17.336808677285273,26.62483522291655,26.92440941311872,,0,,False,False,False,False,False,False,False,False,False,6807.T,,2539.0,20.9264,1.2250851,121.33,2072.509,171157438464.0,1769581800.0,1776839400.0,1776839400.0,True,,,True,1776839400.0,2026-04-22,54.0,2026-02-05,,True,
8,True,50.34013605442177,True,False,True,True,0.5236607211252775,1585.0,1585.0,245151695.0,245.151695,1877.5758056640625,0.8441736388051805,-0.3202827704771127,0.0209634425578997,25.134051814330917,1.5857445939640953,-0.0025173064820641,-0.0626848018923713,19.955046481450797,23.433162523092367,26.49653255836604,,0,,False,False,False,False,False,False,False,False,False,7965.T,,1585.0,17.002789,1.1344839,93.22,1397.111,100640063488.0,1766644200.0,1766989800.0,1766989800.0,True,,,True,1766989800.0,2025-12-29,-28.0,2026-02-05,,True,
8,True,53.43035343035344,True,False,True,True,0.3264420974105906,6514.0,6514.0,831563345.0,831.563345,7170.0,0.9085076708507672,-0.296290451064958,0.0569814887835973,155.8014092670427,2.391793203362645,-0.0274708868318901,-0.0914923291492328,16.37426637649831,23.17665462919906,22.570773334977595,,0,,False,False,False,False,False,False,False,False,False,9627.T,,6514.0,24.509916,1.5787637,265.77,4126.013,228466982912.0,1765434600.0,1773124200.0,1773124200.0,True,,,True,1773124200.0,2026-03-10,23.0,2026-02-05,,True,
8,True,52.05479452054794,True,False,True,True,0.4433953595713807,4900.0,4900.0,262822175.0,262.822175,5614.82421875,0.8726898312572396,-0.1692844520817172,0.0679074098054759,92.5820472400165,1.8894295355105408,-0.0091001011122345,-0.0420474098327793,12.78954766825291,29.842238487172008,25.638863179866423,,0,,False,False,False,False,False,False,False,False,False,4221.T,,4900.0,12.657902,0.89046174,387.11,5502.763,55353618432.0,,1754546400.0,1754978400.0,True,,,True,1754546400.0,2025-08-07,-131.0,2026-02-06,,True,
8,True,51.78571428571429,True,False,True,True,0.5081602290856135,3215.0,3215.0,261673850.0,261.67385,3745.7373046875,0.8583089892547127,-0.4647598009604855,0.0729494260353671,103.33571189526693,3.214174553507525,-0.0227963525835865,-0.0734870317002881,13.09086030165026,19.77777790468793,16.86158300452873,,0,,False,False,False,False,False,False,False,False,False,7717.T,,3215.0,39.491463,0.9162066,81.41,3509.034,30392403968.0,,1754546400.0,1754978400.0,True,,,True,1754546400.0,2025-08-07,-131.0,2026-02-06,,True,
8,True,53.8961038961039,True,False,True,True,0.5219456879654555,1594.0,1594.0,240078280.0,240.07828,1877.5758056640625,0.8489670537889322,-0.3202827704771127,0.0256777073479186,24.83876239902156,1.5582661479938245,0.0,-0.0573625073920757,19.318460860902466,22.018045971793374,27.484541342939465,,0,,False,False,False,False,False,False,False,False,False,7965.T,,1594.0,17.279133,1.1409259,92.25,1397.111,101211521024.0,1766644200.0,1766989800.0,1766989800.0,True,,,True,1766989800.0,2025-12-29,-29.0,2026-02-06,,True,
8,True,50.30425963488844,True,False,True,True,0.2755640216076225,2591.0,2591.0,573024980.0,573.02498,2909.0,0.8906840838776212,-0.274422825278748,0.0491837336077332,59.35998597884485,2.2910067919276287,-0.0174440652256352,-0.0174440652256352,15.809265552479932,29.02376860817417,23.022709220506236,,0,,False,False,False,False,False,False,False,False,False,6807.T,,2591.0,21.63855,1.2501755,119.74,2072.509,174662828032.0,1769581800.0,1776839400.0,1776839400.0,True,,,True,1776839400.0,2026-04-22,52.0,2026-02-09,,True,
8,True,53.8961038961039,True,False,True,True,0.5201979839986832,1600.0,1600.0,238504945.0,238.504945,1877.5758056640625,0.8521626637781001,-0.320282700489271,0.0284495306510279,24.13599365623431,1.5084996035146443,0.0,-0.0538143110585452,18.13079529793674,24.88788345611191,26.26446632606405,,0,,False,False,False,False,False,False,False,False,False,7965.T,,1600.0,17.336657,1.1452204,92.29,1397.111,101592489984.0,1766644200.0,1766989800.0,1766989800.0,True,,,True,1766989800.0,2025-12-29,-30.0,2026-02-09,,True,
8,True,48.3695652173913,True,False,True,True,0.3326768195031234,870.0,870.0,285552930.0,285.55293,1069.0,0.813844714686623,-0.4151670951156813,0.0834303646926233,27.391465755099524,3.148444339666612,-0.0533188248095756,-0.09375,13.483065303275874,24.44408746085943,15.214650291693124,,0,,False,False,False,False,False,False,False,False,False,2158.T,,870.0,124.82066,10.212346,6.97,85.191,34087909376.0,1771223400.0,1771223400.0,1771223400.0,True,,,True,1771223400.0,2026-02-16,4.0,2026-02-10,,True,
8,True,51.977401129943495,True,False,True,False,0.4778266778414133,3645.0,3645.0,14392127040.0,14392.12704,4068.0,0.8960176991150443,-0.2264875151142912,0.1133750442475269,110.89707515073552,3.042443762708793,-0.043055920189026,-0.0957578764574547,18.44985203217516,29.630419919297097,28.037666429772813,,0,,False,False,False,False,False,False,False,False,False,6988.T,,3645.0,19.908243,2.224935,183.09,1638.25,2455489740800.0,1769409000.0,1777012200.0,1777012200.0,True,,,True,1777012200.0,2026-04-24,53.0,2026-02-10,,True,
8,True,54.63917525773196,True,False,True,True,0.4174719370350676,4400.0,4400.0,578007850.0,578.00785,5070.0,0.8678500986193294,-0.2878199318846439,0.0548189614428347,149.85181275215794,3.4057230170944988,-0.0167597765363128,-0.1321499013806706,20.969929242218434,21.00022847442857,25.303114173064102,,1,di_bear,False,False,False,False,False,False,True,False,False,7806.T,,4400.0,21.985708,3.3892114,200.13,1298.237,172967280640.0,,1753768800.0,1754287200.0,True,,,True,1753768800.0,2025-07-29,-140.0,2026-02-10,,True,
8,True,46.21052631578947,True,False,True,True,0.3397284727177033,6494.0,6494.0,794688755.0,794.688755,7170.0,0.9057182705718272,-0.296290451064958,0.0502913104862507,156.73859189493177,2.4135908822748964,-0.0304568527918781,-0.0942817294281729,15.02796970509847,18.953372402010167,22.79653723994612,,0,,False,False,False,False,False,False,False,False,False,9627.T,,6494.0,24.584517,1.5739164,264.15,4126.013,227765518336.0,1765434600.0,1773124200.0,1773124200.0,True,,,True,1773124200.0,2026-03-10,20.0,2026-02-10,,True,
8,True,51.977401129943495,True,False,True,False,0.4778266778414133,3645.0,3645.0,14392127040.0,14392.12704,4068.0,0.8960176991150443,-0.2264875151142912,0.1133750442475269,110.89707515073552,3.042443762708793,-0.043055920189026,-0.0957578764574547,18.44985203217516,29.630419919297097,28.037666429772813,,0,,False,False,False,False,False,False,False,False,False,6988.T,,3645.0,19.92021,2.224935,182.98,1638.25,2455489740800.0,1769409000.0,1777012200.0,1777012200.0,True,,,True,1777012200.0,2026-04-24,52.0,2026-02-11,,True,
8,True,54.63917525773196,True,False,True,True,0.4174719370350676,4400.0,4400.0,578007850.0,578.00785,5070.0,0.8678500986193294,-0.2878199318846439,0.0548189614428347,149.85181275215794,3.4057230170944988,-0.0167597765363128,-0.1321499013806706,20.969929242218434,21.00022847442857,25.303114173064102,,1,di_bear,False,False,False,False,False,False,True,False,False,7806.T,,4400.0,22.026432,3.3892114,199.76,1298.237,172967280640.0,,1753768800.0,1754287200.0,True,,,True,1753768800.0,2025-07-29,-141.0,2026-02-11,,True,
8,True,46.21052631578947,True,False,True,True,0.3397284727177033,6494.0,6494.0,794688755.0,794.688755,7170.0,0.9057182705718272,-0.296290451064958,0.0502913104862507,156.73859189493177,2.4135908822748964,-0.0304568527918781,-0.0942817294281729,15.02796970509847,18.953372402010167,22.79653723994612,,0,,False,False,False,False,False,False,False,False,False,9627.T,,6494.0,24.569633,1.5739164,264.31,4126.013,227765518336.0,1765434600.0,1773124200.0,1773124200.0,True,,,True,1773124200.0,2026-03-10,19.0,2026-02-11,,True,
8,True,45.90417310664606,True,False,True,True,0.329557561156474,1273.0,1273.0,1322631980.0,1322.63198,1777.23291015625,0.7162820318739658,-0.4810300547157973,0.0688035867502729,41.28742889266879,3.243317273579638,-0.0475121586232697,-0.1054111033028812,16.47515472022137,25.82377293652635,18.912422708664856,,0,,False,False,False,False,False,False,False,False,False,6632.T,,1273.0,11.370132,1.3038343,111.96,976.351,183963484160.0,1770100200.0,1777530600.0,1777530600.0,True,,,True,1777530600.0,2026-04-30,55.0,2026-02-12,,True,
8,True,45.33678756476684,True,False,True,False,0.49398960055694,1742.0,1742.0,463147440.0,463.14744,2089.373291015625,0.8337428297234669,-0.4139871522897183,0.013943285447808,40.40983163914278,2.319737751959976,-0.0604099244875944,-0.087958115183246,18.798494402064534,20.765578189915505,25.303924287956715,,0,,False,False,False,False,False,False,False,False,False,7839.T,,1742.0,14.490101,3.0490048,120.22,571.334,89905094656.0,1769754600.0,1777012200.0,1777012200.0,True,,,True,1777012200.0,2026-04-24,51.0,2026-02-12,,True,
8,True,47.368421052631575,True,False,True,False,0.3948591227609809,1645.0,1645.0,423998895.0,423.998895,1815.0,0.90633608815427,-0.1914569423175285,0.1062618011202549,41.38474533096531,2.515789989724335,-0.0881374722838137,-0.0936639118457299,20.193214972135436,25.795039896302814,25.357208701910267,,1,trailing_stop,False,False,False,False,True,False,False,False,False,8923.T,,1645.0,10.833773,1.5516249,151.84,1060.179,159514984448.0,,1751868000.0,1751868000.0,True,,,True,1751868000.0,2025-07-07,-158.0,2026-02-12,,True,
8,True,52.56222547584187,True,False,True,True,0.4586215586954878,3100.0,3100.0,232601050.0,232.60105,3718.7197265625,0.8336202316773061,-0.3487414813564649,0.1053228057296093,87.47296377020275,2.821708508716218,-0.0236220472440944,-0.1506849315068493,13.382060056772882,30.463452052988384,19.80382317705613,,0,,False,False,False,False,False,False,False,False,False,4390.T,,3100.0,12.85507,2.522446,241.15,1228.966,40488398848.0,,1746772200.0,1746772200.0,True,,,True,1746772200.0,2025-05-09,-200.0,2026-02-13,,True,
8,True,43.38624338624338,True,False,True,False,0.4841923208359711,1724.0,1724.0,476936450.0,476.93645,1975.2315673828125,0.8728090561474293,-0.4139871522897183,0.0027430060929276,40.5625589133425,2.3528166423052497,-0.0517051705170517,-0.0973821989528795,19.572611155534037,19.07026124075733,30.4024107507598,,0,,False,False,False,False,False,False,False,False,False,7839.T,,1724.0,14.348731,3.0174994,120.15,571.334,88976105472.0,1769754600.0,1777012200.0,1777012200.0,True,,,True,1777012200.0,2026-04-24,49.0,2026-02-16,,True,
8,True,53.91849529780564,True,False,True,False,0.392562964659185,1648.0,1648.0,420671990.0,420.67199,1815.0,0.9079889807162534,-0.1914569423175285,0.1046106351046902,42.03582633129152,2.550717617190019,-0.055045871559633,-0.0920110192837465,18.173618249994828,26.946290053673284,26.793092138344488,,1,cross_sma25_down,False,True,False,False,False,False,False,False,False,8923.T,,1648.0,10.848529,1.5544546,151.91,1060.179,159805898752.0,,1751868000.0,1751868000.0,True,,,True,1751868000.0,2025-07-07,-160.0,2026-02-16,,True,
8,True,44.55958549222797,True,False,True,False,0.4780845577949765,1737.0,1737.0,471603905.0,471.603905,1975.2315673828125,0.8793905629513252,-0.4139871522897183,0.009859090893705,40.02237613381804,2.3041091614172733,-0.0429752066115702,-0.0905759162303665,19.549495904935508,19.37487901344015,28.611841767512374,,0,,False,False,False,False,False,False,False,False,False,7839.T,,1737.0,14.455726,3.0402532,120.16,571.334,89647038464.0,1769754600.0,1777012200.0,1777012200.0,True,,,True,1777012200.0,2026-04-24,48.0,2026-02-17,,True,
8,True,45.3781512605042,False,False,True,True,0.679394581218623,3100.0,3100.0,201858895.0,201.858895,3636.01318359375,0.8525821671900631,-0.3910521824734907,0.0874567179148628,91.00045503573018,2.9354985495396835,-0.0251572327044025,-0.0327613104524181,33.57232702759023,27.454252522668625,19.682666429464817,,1,macd_sell_like,False,False,True,False,False,False,False,False,False,9369.T,,3100.0,31.16204,1.7013346,99.48,1822.099,77055164416.0,,1751436000.0,1751868000.0,True,,,True,1751436000.0,2025-07-02,-164.0,2026-02-17,,True,
8,True,45.61068702290076,True,False,True,False,0.3182389515224011,2224.0,2224.0,520586420.0,520.58642,2507.0,0.8871160749900279,-0.2472555755227719,0.0785334005307276,56.64170117954389,2.546839081814024,-0.0992304576751721,-0.1128839250099721,20.70359027490261,23.99137106749508,30.69407049025444,,2,trailing_stop;di_bear,False,False,False,False,True,False,True,False,False,6810.T,,2224.0,23.85754,0.96418685,93.22,2306.607,95911313408.0,1769754600.0,1777012200.0,1777012200.0,True,,,True,1777012200.0,2026-04-24,47.0,2026-02-18,,True,
8,True,47.38292011019284,True,False,True,False,0.4721544628917106,1734.0,1734.0,474799535.0,474.799535,1975.2315673828125,0.8778717536888877,-0.4139871522897183,0.0077589979070413,38.66363498140246,2.2297367347982964,-0.0361311839911061,-0.0921465968586388,19.39371917172111,19.362182588260065,27.501812597417214,,0,,False,False,False,False,False,False,False,False,False,7839.T,,1734.0,14.425957,3.0350025,120.2,571.334,89492209664.0,1769754600.0,1777012200.0,1777012200.0,True,,,True,1777012200.0,2026-04-24,47.0,2026-02-18,,True,
8,True,53.932584269662925,True,False,True,True,0.4305026416779459,2110.0,2110.0,327644950.0,327.64495,2548.0,0.8281004709576139,-0.2252747252747252,0.03205750866814,51.22780982217149,2.427858285410971,-0.0172333488588728,-0.0769903762029746,14.607648920429794,24.98648568933782,27.048247162422363,,0,,False,False,False,False,False,False,False,False,False,8057.T,,2110.0,10.581214,1.4696347,199.41,1435.731,104066277376.0,,1756706400.0,1757052000.0,True,,,True,1756706400.0,2025-09-01,-122.0,2026-02-18,,True,
8,True,49.39668174962293,True,False,True,False,0.3875872386551758,3080.0,3080.0,4291830242.5,4291.8302425,3545.45458984375,0.8687179378415723,-0.2234130060141337,0.0239572298384356,72.43143002258267,2.351669805928009,-0.0487955528103767,-0.0593843553219498,13.520017142868372,22.27110526333287,17.868732405807485,,0,,False,False,False,False,False,False,False,False,False,4768.T,,3080.0,18.172163,2.9619,169.49,1039.873,1167939600384.0,1770013800.0,1777530600.0,1777530600.0,True,,,True,1777530600.0,2026-04-30,50.0,2026-02-19,,True,
8,True,52.371541501976274,True,False,True,False,0.3155643526283556,2250.0,2250.0,522257720.0,522.25772,2507.0,0.8974870362983646,-0.2472555755227719,0.089684267347416,57.88157966671933,2.5725146518541924,-0.0886998784933171,-0.1025129637016354,19.234943238233186,27.97072556479401,27.891104714074288,,1,trailing_stop,False,False,False,False,True,False,False,False,False,6810.T,,2250.0,24.14422,0.9754588,93.19,2306.607,97032585216.0,1769754600.0,1777012200.0,1777012200.0,True,,,True,1777012200.0,2026-04-24,46.0,2026-02-19,,True,
8,True,49.45355191256832,True,False,True,False,0.4662513572690542,1743.0,1743.0,467993735.0,467.993735,1975.2315673828125,0.8824281814762003,-0.4139871522897183,0.0126937726047962,38.11623248273086,2.186817698378133,-0.0311284046692607,-0.087434554973822,19.62448340409031,18.2373756094486,28.902497818824628,,0,,False,False,False,False,False,False,False,False,False,7839.T,,1743.0,14.504453,3.050755,120.17,571.334,89956704256.0,1769754600.0,1777012200.0,1777012200.0,True,,,True,1777012200.0,2026-04-24,46.0,2026-02-19,,True,
8,True,51.05973025048169,True,False,True,False,0.3146656866395572,2226.0,2226.0,517142615.0,517.142615,2507.0,0.8879138412445153,-0.2472555755227719,0.0769604518786628,56.24718111909653,2.5268275435353336,-0.0925397472482674,-0.1120861587554846,17.87119956132586,26.72751990504862,26.651437936150863,,1,trailing_stop,False,False,False,False,True,False,False,False,False,6810.T,,2226.0,23.89694,0.9650539,93.15,2306.607,95997566976.0,1769754600.0,1777012200.0,1777012200.0,True,,,True,1777012200.0,2026-04-24,45.0,2026-02-20,,True,
8,True,51.05973025048169,True,False,True,False,0.3146657097831908,2226.0,2226.0,517142615.0,517.142615,2507.0,0.8879138412445153,-0.2472555755227719,0.0769604518786628,56.24718111909653,2.5268275435353336,-0.0925397472482674,-0.1120861587554846,17.87119956132586,26.72751990504862,26.651437936150863,,1,trailing_stop,False,False,False,False,True,False,False,False,False,6810.T,,2226.0,23.92262,0.9650539,93.05,2306.607,95997566976.0,1769754600.0,1777012200.0,1777012200.0,True,,,True,1777012200.0,2026-04-24,44.0,2026-02-23,,True,
8,True,46.63341645885287,False,False,True,False,0.3678906928224442,4860.0,4860.0,333718575.0,333.718575,5350.0,0.908411214953271,-0.5433266114762707,0.0825879125436754,199.07906205103976,4.096276996934975,-0.0915887850467289,-0.0915887850467289,24.40338027581319,27.964185863618805,24.906514786601583,,2,trailing_stop;natr_spike,False,False,False,False,True,False,False,False,True,6125.T,,4860.0,14.191853,0.7791333,342.45,6237.7,32127152128.0,,1754460000.0,1754978400.0,True,,,True,1754460000.0,2025-08-06,-145.0,2026-02-25,,True,
8,True,53.690036900369,False,False,True,False,0.367243436684507,1675.0,1675.0,468786085.0,468.786085,1952.0,0.858094262295082,-0.3524699120835735,0.0746485692086258,59.46775894557372,3.5503139668999237,-0.0536723163841807,-0.141905737704918,19.04554900791821,24.299293234689173,19.497409341680573,,1,macd_sell_like,False,False,True,False,False,False,False,False,False,2395.T,,1675.0,14.982111,1.3192436,111.8,1269.667,69733326848.0,,1754274600.0,1754620200.0,True,,,True,1754274600.0,2025-08-04,-148.0,2026-02-26,,True,
8,True,51.82186234817813,True,False,True,False,0.4917165559482076,859.0,859.0,255768455.0,255.768455,966.0,0.8892339544513458,-0.5455216001123879,0.1020680502113418,25.79722557730921,3.003169450210618,-0.0455555555555555,-0.0539647577092511,13.66659579556794,31.59822810968761,23.533890523291404,,0,,False,False,False,False,False,False,False,False,False,6584.T,,859.0,12.002235,0.6742268,71.57,1274.052,30759567360.0,,1754287200.0,1754632800.0,True,,,True,1754287200.0,2025-08-04,-148.0,2026-02-26,,True,
8,True,54.85996705107084,True,False,True,False,0.446865323413507,2119.0,2119.0,3943303355.0,3943.303355,2466.3056640625,0.8591797970854845,-0.3683170169054496,0.0998918662627381,49.87099285712763,2.353515472257085,-0.0198889916743756,-0.0198889916743756,24.627650129853727,33.245261651215245,17.564997338828285,,0,,False,False,False,False,False,False,False,False,False,6724.T,,2119.0,13.532154,0.79324406,156.59,2671.309,678986645504.0,1770100200.0,1777530600.0,1777530600.0,True,,,True,1777530600.0,2026-04-30,45.0,2026-02-26,,True,
8,True,50.47619047619048,True,False,True,False,0.2901641636887234,416.0,416.0,319643460.0,319.64346,511.0,0.8140900195694716,-0.2674233817749512,0.0234381476793363,12.71734992469596,3.057055270359606,-0.052391799544419,-0.1859099804305284,28.02045687432352,21.890877929408923,26.183696670632507,,1,di_bear,False,False,False,False,False,False,True,False,False,4293.T,,416.0,24.747175,1.2966206,16.81,320.834,86288842752.0,,1754287200.0,1754632800.0,True,,,True,1754287200.0,2025-08-04,-149.0,2026-02-27,,True,
8,True,51.73116089613034,True,False,True,False,0.4264054955988423,1650.0,1650.0,264668125.0,264.668125,1890.0,0.873015873015873,-0.4121241927799588,0.0957799763501126,52.88525973117288,3.20516725643472,-0.0988530857454942,-0.1269841269841269,37.70587128495856,26.083227919327364,27.67153829283128,,2,trailing_stop;di_bear,False,False,False,False,True,False,True,False,False,5036.T,,1650.0,13.980681,2.7469141,118.02,600.674,75036286976.0,,1747117800.0,1747117800.0,True,,,True,1747117800.0,2025-05-13,-208.0,2026-02-27,,True,
8,True,54.14847161572053,True,False,True,False,0.5104505744108486,401.0,401.0,1614498950.0,1614.49895,461.0,0.8698481561822126,-0.2982062814275789,0.0396178849049211,22.81348537268035,5.689148471990112,-0.1147902869757174,-0.1301518438177874,24.318305756854148,24.58831561392937,28.739385490806235,,3,trailing_stop;di_bear;natr_spike,False,False,False,False,True,False,True,False,True,2492.T,,401.0,47.17647,7.4731174,8.5,53.659,90779049984.0,1770964200.0,1777530600.0,1777530600.0,True,,,True,1777530600.0,2026-04-30,43.0,2026-03-02,,True,
8,True,53.0,True,False,True,False,0.2940523767177133,414.0,414.0,315429390.0,315.42939,511.0,0.8101761252446184,-0.2674233817749512,0.0176556872524316,12.45182493007482,3.007687181177493,-0.0569476082004556,-0.1898238747553816,26.6568170384983,20.76070565993342,24.831896711538494,,1,di_bear,False,False,False,False,False,False,True,False,False,4293.T,,414.0,24.628199,1.2903869,16.81,320.834,85873991680.0,,1754287200.0,1754632800.0,True,,,True,1754287200.0,2025-08-04,-150.0,2026-03-02,,True,
8,True,54.273504273504265,True,False,True,False,0.4264634978964371,1610.0,1610.0,258337275.0,258.337275,1890.0,0.8518518518518519,-0.4121241395835543,0.0670818778322439,54.39345546466053,3.378475494699412,-0.1206990715456034,-0.1481481481481481,35.76009960049134,23.54857574007202,29.053409062473733,,2,trailing_stop;di_bear,False,False,False,False,True,False,True,False,False,5036.T,,1610.0,13.64638,2.6803224,117.98,600.674,73217220608.0,,1747117800.0,1747117800.0,True,,,True,1747117800.0,2025-05-13,-209.0,2026-03-02,,True,
8,True,44.89361702127659,True,False,True,False,0.3559913296238254,4790.0,4790.0,354961400.0,354.9614,5350.0,0.8953271028037383,-0.5433266114762707,0.062296975261042,207.5807942150636,4.333628271713227,-0.1046728971962617,-0.1046728971962617,19.89397625427473,23.070302156609475,22.554408184315463,,3,cross_sma25_down;trailing_stop;natr_spike,False,True,False,False,True,False,False,False,True,6125.T,,4790.0,13.991938,0.7679112,342.34,6237.7,31664414720.0,,1754460000.0,1754978400.0,True,,,True,1754460000.0,2025-08-06,-148.0,2026-03-02,,True,
8,True,53.58359538544264,True,False,True,True,0.452492707112994,3566.0,3566.0,2911274575.0427246,2911.274575042725,4012.605224609375,0.8886994359997495,-0.1859124240499193,0.0141125096745851,99.58147638186438,2.7925259781790346,-0.0424371021322952,-0.0893669231958582,13.393974227138306,20.856008895223894,25.06593166203785,,0,,False,False,False,False,False,False,False,False,False,7649.T,,3566.0,15.642409,2.3003988,227.97,1550.166,645349507072.0,1767853800.0,1775716200.0,1775716200.0,True,,,True,1775716200.0,2026-04-09,28.0,2026-03-02,,True,
8,True,50.69767441860465,True,False,True,False,0.5101195923808801,400.0,400.0,1628194350.0,1628.19435,461.0,0.8676789587852495,-0.2982062814275789,0.0366650334966278,22.326807846060326,5.581701961515082,-0.1169977924944812,-0.1323210412147505,22.679451155755675,26.528926183837232,27.268283476763127,,3,trailing_stop;di_bear;natr_spike,False,False,False,False,True,False,True,False,True,2492.T,,400.0,47.058823,7.454481,8.5,53.659,90552664064.0,1770964200.0,1777530600.0,1777530600.0,True,,,True,1777530600.0,2026-04-30,42.0,2026-03-03,,True,
8,True,44.17475728155341,True,False,True,False,0.5112987835278449,391.0,391.0,1634478680.0,1634.47868,461.0,0.8481561822125814,-0.2982062814275789,0.0132228817842714,22.16060728562745,5.667674497602928,-0.1368653421633554,-0.1518438177874186,21.77508715203588,24.818753466617075,30.345282476966123,,3,trailing_stop;di_bear;natr_spike,False,False,False,False,True,False,True,False,True,2492.T,,391.0,46.108494,7.286755,8.48,53.659,88515231744.0,1770964200.0,1777530600.0,1777530600.0,True,,,True,1777530600.0,2026-04-30,41.0,2026-03-04,,True,
8,True,50.14577259475219,False,False,True,False,0.305749409351823,891.0,891.0,454139165.0,454.139165,1069.0,0.833489242282507,-0.4151670951156813,0.078033405726523,38.24826014028682,4.29273402247888,-0.0611169652265543,-0.0611169652265543,20.595719996524632,20.432010962389857,20.16717764057353,,1,macd_sell_like,False,False,True,False,False,False,False,False,False,2158.T,,891.0,127.46781,9.457595,6.99,94.21,34910720000.0,1771223400.0,1778740200.0,1778740200.0,True,,,True,1778740200.0,2026-05-14,50.0,2026-03-05,,True,
8,True,53.95973154362416,False,False,True,False,0.4932271565800187,2779.5,2779.5,777870720.0,777.87072,2889.5,0.9619311299532792,-0.1922745970225686,0.0790254292424721,49.69035440849907,1.7877443572044998,-0.0380688700467208,-0.0380688700467208,31.94770851675645,29.586863467775803,23.14473582390636,,1,macd_sell_like,False,False,True,False,False,False,False,False,False,2201.T,,2779.5,13.840064,1.7378957,200.83,1599.348,233536061440.0,1778481000.0,1778481000.0,1778481000.0,True,,,True,1778481000.0,2026-05-11,47.0,2026-03-05,,True,
8,True,43.56940509915015,False,True,False,False,0.4637547672331915,2090.5,2090.5,2403881882.5,2403.8818825,2319.0,0.9014661492022424,-0.2295439182437534,0.0737895659603018,78.82804769761294,3.770774824090549,-0.0708888888888888,-0.0985338507977576,25.18805358951368,37.00898285768389,31.074152000425126,,1,natr_spike,False,False,False,False,False,False,False,False,True,4666.T,,2090.5,24.496134,5.02262,85.34,416.217,356777000960.0,1772173800.0,1772173800.0,1772173800.0,True,,,True,1772173800.0,2026-02-27,-13.0,2026-03-18,,True,
8,True,48.064516129032256,False,True,False,False,0.2801007934655003,1079.0,1079.0,423974720.0,423.97472,1118.0,0.9651162790697676,-0.2817144019138075,0.1296292360054396,25.373899819623706,2.351612587546219,-0.0348837209302325,-0.0348837209302325,24.84810503799008,31.13991298000272,29.294575419296446,,1,natr_spike,False,False,False,False,False,False,False,False,True,8613.T,,1079.0,15.685419,1.4485321,68.79,744.892,71487938560.0,,1753671600.0,1754017200.0,True,,,True,1753671600.0,2025-07-28,-167.0,2026-03-18,,True,
8,True,38.51851851851852,True,False,True,False,0.3480813360933948,2278.0,2278.0,536099755.0,536.099755,2449.0,0.930175581870151,-0.1365090634869731,0.1140072474044806,52.23200220135776,2.2928885953186025,-0.0698244181298489,-0.0698244181298489,29.53920181019183,25.23158481870978,20.72946621678097,,0,,False,False,False,False,False,False,False,False,False,2288.T,,2278.0,12.61002,0.74809736,180.65,3045.058,55765708800.0,,1754373600.0,1754978400.0,True,,,True,1754373600.0,2025-08-05,-162.0,2026-03-19,,True,
8,True,40.93959731543624,True,True,False,False,0.2727635489631428,1064.0,1064.0,453445780.0,453.44578,1118.0,0.9516994633273704,-0.2817144019138075,0.1125962902896013,24.91862126107916,2.341975682432252,-0.0483005366726296,-0.0483005366726296,23.29134404358928,29.443939915117724,27.69910497304716,,2,vol_distribution;natr_spike,False,False,False,False,False,False,False,True,True,8613.T,,1064.0,15.480866,1.4283949,68.73,744.892,70494126080.0,,1753671600.0,1754017200.0,True,,,True,1753671600.0,2025-07-28,-168.0,2026-03-19,,True,
8,True,38.51851851851852,True,False,True,False,0.3480813360933948,2278.0,2278.0,536099755.0,536.099755,2449.0,0.930175581870151,-0.1365090634869731,0.1140072474044806,52.23200220135776,2.2928885953186025,-0.0698244181298489,-0.0698244181298489,29.53920181019183,25.23158481870978,20.72946621678097,,0,,False,False,False,False,False,False,False,False,False,2288.T,,2278.0,12.61002,0.74809736,180.65,3045.058,55765430272.0,,1754373600.0,1754978400.0,True,,,True,1754373600.0,2025-08-05,-163.0,2026-03-20,,True,
8,True,40.93959731543624,True,True,False,False,0.2727635489631428,1064.0,1064.0,453445780.0,453.44578,1118.0,0.9516994633273704,-0.2817144019138075,0.1125962902896013,24.91862126107916,2.341975682432252,-0.0483005366726296,-0.0483005366726296,23.29134404358928,29.443939915117724,27.69910497304716,,2,vol_distribution;natr_spike,False,False,False,False,False,False,False,True,True,8613.T,,1064.0,15.480866,1.4283949,68.73,744.892,70494126080.0,,1753671600.0,1754017200.0,True,,,True,1753671600.0,2025-07-28,-169.0,2026-03-20,,True,
8,True,47.63513513513514,True,True,False,False,0.3862618833883226,1058.0,1058.0,256345785.0,256.345785,1182.0,0.8950930626057529,-0.3027520004172361,0.0520431262137812,29.123523792690836,2.752696010651308,-0.0381818181818182,-0.104906937394247,22.65626598640044,32.79166308532714,29.603242222613986,,0,,False,False,False,False,False,False,False,False,False,6523.T,,1058.0,23.150984,0.8402907,45.7,1259.088,133847425024.0,1770877800.0,1778653800.0,1778653800.0,True,,,True,1778653800.0,2026-05-13,37.0,2026-03-23,,True,
8,True,51.99781061850027,True,False,False,False,0.4641639447946365,2021.5,2021.5,2840704190.0,2840.70419,2319.0,0.8717119448037948,-0.2295439182437534,0.0382433860442803,86.80128308733805,4.293904679066933,-0.1015555555555555,-0.1282880551962052,21.073776819452345,34.85059218356779,32.71620144906871,,2,trailing_stop;natr_spike,False,False,False,False,True,False,False,False,True,4666.T,,2021.5,23.726526,4.8568416,85.2,416.217,345001066496.0,1772173800.0,1772173800.0,1772173800.0,True,,,True,1772173800.0,2026-02-27,-17.0,2026-03-24,,True,
8,True,50.0,True,False,False,False,0.2605381220509034,1066.0,1066.0,513268045.0,513.268045,1118.0,0.9534883720930232,-0.2817144019138075,0.1121596563890807,25.276770373073354,2.371179209481553,-0.0465116279069767,-0.0465116279069767,20.69968323219918,30.11470837855542,29.58023141223432,,1,natr_spike,False,False,False,False,False,False,False,False,True,8613.T,,1066.0,15.498692,1.4310799,68.78,744.892,70626639872.0,,1753671600.0,1754017200.0,True,,,True,1753671600.0,2025-07-28,-171.0,2026-03-24,,True,
8,True,46.75496688741722,False,False,True,False,0.4191725369333636,2865.5,2865.5,850500057.5,850.5000575,2951.0,0.971026770586242,-0.2408031164861166,0.1012268819130717,48.70246375961409,1.6996148581264734,-0.028973229413758,-0.028973229413758,23.17704228574488,26.28639787326046,24.375283257675893,,0,,False,False,False,False,False,False,False,False,False,9003.T,,2865.5,13.911545,1.4283706,205.98,2006.132,275001081856.0,1777357800.0,1777357800.0,1777357800.0,True,,,True,1777357800.0,2026-04-28,25.0,2026-03-24,,True,
8,True,53.9480657127716,True,False,False,False,0.4617123928223107,2055.5,2055.5,2965498337.5,2965.4983375,2319.0,0.8863734368262182,-0.2295439182437534,0.0554651256152343,85.17262000967105,4.143644855736855,-0.0864444444444444,-0.1136265631737818,20.298784681923934,38.01187142684677,30.96024069506228,,2,trailing_stop;natr_spike,False,False,False,False,True,False,False,False,True,4666.T,,2055.5,24.09448,4.9385295,85.31,416.217,350803689472.0,1772173800.0,1772173800.0,1772173800.0,True,,,True,1772173800.0,2026-02-27,-18.0,2026-03-25,,True,
8,True,50.0,True,False,True,False,0.4960349086066955,4185.0,4185.0,696581650.0,696.58165,4205.0,0.995243757431629,-0.4006661816411857,0.0594856241598165,30.09558707798793,0.7191299182314917,-0.0035714285714285,-0.004756242568371,60.757710636334295,68.98148951476477,4.372772087910749,,1,natr_spike,False,False,False,False,False,False,False,False,True,5352.T,,4185.0,7.369255,1.3203462,567.9,3169.623,140933758976.0,,1753770600.0,1754289000.0,True,,,True,1753770600.0,2025-07-29,-171.0,2026-03-25,,True,
8,True,50.42589437819421,True,False,False,False,0.4449819540149913,3035.0,3035.0,241919445.0,241.919445,3220.0,0.9425465838509316,-0.3180550777794231,0.126054326319484,69.70814199848657,2.296808632569574,-0.0574534161490682,-0.0574534161490682,22.383686616872705,28.92492380926412,28.25324861028715,,0,,False,False,False,False,False,False,False,False,False,2292.T,,3035.0,17.155615,0.7670847,176.91,3956.538,96129417216.0,,1752127200.0,1752472800.0,True,,,True,1752127200.0,2025-07-10,-186.0,2026-03-27,,True,
8,True,50.10706638115632,True,True,False,False,0.4199230623141043,2497.0,2497.0,472969310.0,472.96931,2686.0,0.9296351451973194,-0.2036606655529131,0.1034532054023669,51.31697515168698,2.05514518028382,-0.0703648548026806,-0.0703648548026806,24.22546240694654,33.6092577599948,29.308476956812367,,0,,False,False,False,False,False,False,False,False,False,6282.T,,2497.0,12.652647,0.93654597,197.35,2666.18,72723415040.0,,1754373600.0,1754978400.0,True,,,True,1754373600.0,2025-08-05,-168.0,2026-03-27,,True,
8,True,49.57426639625727,True,True,False,False,0.2946280836545599,1259.0,1259.0,1359467687.5,1359.4676875,1363.81787109375,0.923143791179618,-0.1736981932971226,0.1246627400702389,44.04839680646139,3.49868123959185,-0.0567082034527548,-0.0768562088203819,22.74657357185045,28.210400641486245,26.07919238679834,,0,,False,False,False,False,False,False,False,False,False,9533.T,,1259.0,17.425606,1.0082777,72.25,1248.664,461130170368.0,1777530600.0,1777530600.0,1777530600.0,True,,,True,1777530600.0,2026-04-30,22.0,2026-03-31,,True,
8,True,44.54022988505747,True,False,True,False,0.4523940854970843,1547.0,1547.0,534761785.0,534.761785,1661.0,0.9313666465984348,-0.1444912703190849,0.1019423755738218,40.11697653954049,2.5932111531700377,-0.0367372353673723,-0.0686333534015652,20.71739667921863,34.22501421139609,27.18052465503952,,0,,False,False,False,False,False,False,False,False,False,3612.T,,1547.0,8.79427,1.2186333,175.91,1269.455,117901500416.0,,1751349600.0,1751868000.0,True,,,True,1751349600.0,2025-07-01,-197.0,2026-04-02,,True,
8,True,54.2539840155292,True,False,True,False,0.3296160887471837,1126.5,1126.5,6444083537.5,6444.0835375,1327.9820556640625,0.8482795344976927,-0.2171641819170059,0.0934885611029012,41.3763950916127,3.6730044466589176,-0.0443930205588883,-0.1517204655023073,21.14260301476,27.83282736408419,26.927419359528347,,0,,False,False,False,False,False,False,False,False,False,3402.T,,1126.5,29.290173,0.94891524,38.46,1187.145,1650111021056.0,1778653800.0,1778653800.0,1778653800.0,True,,,True,1778653800.0,2026-05-13,27.0,2026-04-06,,True,
8,True,43.83561643835616,True,False,True,False,0.4607267624620147,161700.0,161700.0,1534700595.0,1534.700595,172004.484375,0.9400917690463556,-0.0918841414654251,0.0146359157215982,2528.6868898331822,1.563813784683477,-0.0253164556962025,-0.0599082309536442,21.431395371970204,22.37258775201146,21.377352960386204,,0,,False,False,False,False,False,False,False,False,False,3462.T,,161700.0,23.43784,1.2456639,6899.1,129810.3,751317090304.0,1776407400.0,1776407400.0,1776407400.0,True,,,True,1776407400.0,2026-04-17,8.0,2026-04-07,,True,
8,True,51.57294983827146,True,False,True,False,0.3410825330429138,3730.0,3730.0,622933800.0,622.9338,4104.51904296875,0.9087544633005612,-0.1600955501718701,0.0877078689456698,100.75154649701336,2.7011138471049154,-0.0044142962439089,-0.0912455366994386,28.449880228743023,27.099507703686182,26.696209644191065,,0,,False,False,False,False,False,False,False,False,False,4041.T,,3730.0,13.26128,1.0184796,281.27,3662.322,199997767680.0,1778740200.0,1778740200.0,1778740200.0,True,,,True,1778740200.0,2026-05-14,26.0,2026-04-08,,True,
8,True,54.30496588550481,True,False,True,True,0.341962990343693,2425.0,2425.0,2735538575.0,2735.538575,2683.167236328125,0.9037826517733486,-0.1730310551879983,0.0669871905009742,68.39143811627639,2.820265489330985,0.0,-0.0962173482266514,23.79538702909225,29.945108251766577,28.81679961095303,,0,,False,False,False,False,False,False,False,False,False,4042.T,,2425.0,19.106524,0.9369196,126.92,2588.269,748445696000.0,1770273000.0,1778567400.0,1778567400.0,True,,,True,1778567400.0,2026-05-12,24.0,2026-04-08,,True,
8,True,44.96464122023146,True,True,False,False,0.421924854288256,5195.0,5195.0,1888238860.0,1888.23886,5946.75732421875,0.8735853368091641,-0.3886168887070005,0.0578301609400175,182.4453791042324,3.511941849937102,-0.0532751620162537,-0.1264146631908359,21.262985769119645,31.9836510580148,28.818461955574243,,0,,False,False,False,False,False,False,False,False,False,4203.T,,5195.0,23.24281,1.3885592,223.51,3741.288,455789379584.0,1778481000.0,1778481000.0,1778481000.0,True,,,True,1778481000.0,2026-05-11,23.0,2026-04-08,,True,
8,True,50.0214835841964,True,False,True,False,0.3914775336568743,2733.5,2733.5,4780638302.5,4780.6383025,3007.081787109375,0.9090208359871842,-0.1660298134595084,0.0267991470690165,63.86051205154567,2.336217744706261,-0.0038618935547294,-0.0909791640128158,21.7696433560201,28.93419799270201,26.014675228665933,,0,,False,False,False,False,False,False,False,False,False,4204.T,,2733.5,16.083195,1.3512471,169.96,2022.946,1103530557440.0,1777357800.0,1777357800.0,1777357800.0,True,,,True,1777357800.0,2026-04-28,14.0,2026-04-08,,True,
8,True,53.85618729391308,True,True,False,False,0.2986286679711351,4110.0,4110.0,792720405.0,792.720405,4571.2197265625,0.8991035753800154,-0.2031451449060646,0.0650301929527008,134.54405584340796,3.2735780010561557,0.0,-0.1008964246199846,26.99783970998008,33.13882407674987,28.950913440558303,,0,,False,False,False,False,False,False,False,False,False,5232.T,,4110.0,9.910779,0.6834458,414.7,6013.644,130260836352.0,1770705000.0,1778567400.0,1778567400.0,True,,,True,1778567400.0,2026-05-12,24.0,2026-04-08,,True,
8,True,41.43004308490332,True,False,True,False,0.468556108187994,2626.0,2626.0,1292081582.5,1292.0815825,3185.63623046875,0.8243251300584303,-0.3238377052773555,0.1391364666637573,101.6163131691077,3.869623502250864,-0.049965235185384,-0.1756748699415696,21.25711809434958,30.115777648703123,29.3258638446014,,0,,False,False,False,False,False,False,False,False,False,5991.T,,2626.0,13.572463,1.2480923,193.48,2104.011,532011745280.0,1778481000.0,1778481000.0,1778481000.0,True,,,True,1778481000.0,2026-05-11,23.0,2026-04-08,,True,
8,True,48.64572047670639,True,False,True,False,0.1641695015534198,3295.0,3295.0,449481815.0,449.481815,3740.0,0.8810160427807486,-0.2246353607580383,0.0379504565585162,111.60029824846382,3.386958975674168,-0.0612535612535612,-0.1189839572192513,26.186204181623843,27.4640153005388,23.7815225397351,,0,,False,False,False,False,False,False,False,False,False,6080.T,,3295.0,20.961893,2.4204075,157.19,1361.341,104644517888.0,,1753682400.0,1754028000.0,True,,,True,1753682400.0,2025-07-28,-182.0,2026-04-08,,True,
8,True,52.37705755716763,True,False,True,False,0.3155255796952665,4035.0,4035.0,1503052275.0,1503.052275,4601.61669921875,0.8768657330118459,-0.3340175956419137,0.0956185647231206,155.24095785817758,3.84735955038854,-0.002297918568469,-0.1231342669881541,22.35301876714945,34.752683369007656,30.549369106062464,,0,,False,False,False,False,False,False,False,False,False,6103.T,,4035.0,23.124533,1.0158479,174.49,3972.051,241963941888.0,1778567400.0,1778567400.0,1778567400.0,True,,,True,1778567400.0,2026-05-12,24.0,2026-04-08,,True,
8,True,45.92648052495595,True,True,False,False,0.3539049571972409,2546.0,2546.0,5284805680.0,5284.80568,3093.95654296875,0.8228945573867149,-0.7785004543463309,0.1478010409082431,148.47183174822413,5.831572338893328,-0.0462737248009513,-0.1771054426132851,20.485145290880222,24.69088270007964,23.12030385843512,,0,,False,False,False,False,False,False,False,False,False,6315.T,,2546.0,31.117086,2.8295333,81.82,899.795,191017779200.0,1770359400.0,1778221800.0,1778221800.0,True,,,True,1778221800.0,2026-05-08,22.0,2026-04-08,,True,
8,True,53.10662059519317,True,False,False,False,0.4224582521754502,2440.5,2440.5,5934295355.0,5934.295355,2860.73291015625,0.8531030601758284,-0.2255481131655202,0.1385801607132035,80.39791833666538,3.2943215872429987,-0.0467912280238356,-0.1468969398241716,25.820900489354703,33.42924582552979,31.476979287888017,,0,,False,False,False,False,False,False,False,False,False,7202.T,,2440.5,13.24056,1.1535342,184.32,2115.672,1677203603456.0,1778740200.0,1778740200.0,1778740200.0,True,,,True,1778740200.0,2026-05-14,26.0,2026-04-08,,True,
8,True,53.28114610756154,True,False,True,False,0.4881771362261795,3430.0,3430.0,288050525.0,288.050525,3651.50537109375,0.9393386155618876,-0.2376759846068409,0.1281476511450148,86.86106650862192,2.532392609580814,0.0,-0.0606613844381123,22.472792932817026,30.752983523882083,26.64550738384757,,0,,False,False,False,False,False,False,False,False,False,7943.T,,3430.0,34.63597,0.940821,99.03,3645.752,113889280000.0,,1753773600.0,1754292000.0,True,,,True,1753773600.0,2025-07-29,-181.0,2026-04-08,,True,
8,True,53.69127516778523,True,False,False,False,0.3155200456559205,758.0,758.0,406708970.0,406.70897,823.0,0.9210206561360876,-0.178739799293525,0.1258827224293803,17.53008748367323,2.3126764490334075,-0.025706940874036,-0.0789793438639124,23.201257455626344,25.303182240408844,24.79412792674582,,0,,False,False,False,False,False,False,False,False,False,8016.T,,758.0,11.166765,1.1989535,67.88,632.218,103092011008.0,,1751436000.0,1751868000.0,True,,,True,1751436000.0,2025-07-02,-200.0,2026-04-08,,True,
8,True,53.17109504301857,True,False,False,True,0.5316715722816452,3156.0,3156.0,12260889702.5,12260.8897025,3755.638671875,0.8403364316259874,-0.2869910356539048,0.0162378267147,111.27184553177082,3.5257238761651086,0.0,-0.1525140556267021,21.19602646891088,28.637286596749696,26.800862038315756,,0,,False,False,False,False,False,False,False,False,False,8473.T,,3156.0,7.3228455,1.1870816,430.98,2658.621,2039316873216.0,1777617000.0,1777617000.0,1777617000.0,True,,,True,1777617000.0,2026-05-01,17.0,2026-04-08,,True,
8,True,48.23529411764706,True,False,True,False,0.5441689497975172,131100.0,131100.0,1308013240.0,1308.01324,140344.328125,0.9341310885270234,-0.1231564267785479,0.0245790874110556,1974.641295024986,1.5062099885774112,-0.0045558086560364,-0.0613026305543845,31.969702933669232,22.80713889574474,22.28837272687263,,0,,False,False,False,False,False,False,False,False,False,8984.T,,131100.0,21.355303,0.58818066,6138.99,222890.7,601811648512.0,1776321000.0,1776321000.0,1776321000.0,True,,,True,1776321000.0,2026-04-16,6.0,2026-04-08,,True,
8,True,45.801526717557245,True,False,True,False,0.4230040414746787,146600.0,146600.0,1014292505.0,1014.292505,153659.140625,0.9540597416054304,-0.1693613377904097,0.0704788260208955,2618.075030930324,1.7858629133221855,-0.0291390728476821,-0.0459402583945695,22.943302760248496,24.61233278148901,22.874639700155274,,0,,False,False,False,False,False,False,False,False,False,3249.T,,146600.0,18.34665,1.5877135,7990.56,92334.04,371809255424.0,,1773901800.0,1773901800.0,True,,,True,1773901800.0,2026-03-19,-15.0,2026-04-09,,True,
8,True,49.142857142857146,True,False,True,False,0.3400741082521162,127900.0,127900.0,428111685.0,428.111685,134480.890625,0.9510644925504634,-0.1412371598392023,0.0400298755747718,1881.8737346519583,1.4713633578201395,-0.0184190330007674,-0.0489355074495365,25.11211559589328,22.85658726926334,18.841755703920697,,0,,False,False,False,False,False,False,False,False,False,3481.T,,127900.0,22.41288,0.4297403,5706.54,297621.6,189932912640.0,1776321000.0,1776321000.0,1776321000.0,True,,,True,1776321000.0,2026-04-16,5.0,2026-04-09,,True,
8,True,54.963815896789626,True,False,True,False,0.4323187836246872,5176.0,5176.0,1892768860.0,1892.76886,5946.75732421875,0.8703903182529804,-0.3886169541379132,0.052532283987241,175.27070916821583,3.386219265228281,-0.0367936543013159,-0.1296096817470196,20.11603837217393,30.91483120654716,27.855415423737963,,0,,False,False,False,False,False,False,False,False,False,4203.T,,5176.0,23.117464,1.3834808,223.9,3741.288,454122405888.0,1778481000.0,1778481000.0,1778481000.0,True,,,True,1778481000.0,2026-05-11,22.0,2026-04-09,,True,
8,True,51.26662551209383,True,False,True,False,0.5243502378584051,2960.0,2960.0,382923215.0,382.923215,3436.24169921875,0.8614062278194731,-0.2927528267276171,0.0894925634037844,110.31450784902786,3.726841481386076,-0.060406668668688,-0.1385937721805269,22.1102190769119,30.723672328187234,27.42844958771155,,0,,False,False,False,False,False,False,False,False,False,6332.T,,2960.0,7.2279744,1.2613091,409.52,2346.768,116643201024.0,,1754550000.0,1754982000.0,True,,,True,1754550000.0,2025-08-07,-175.0,2026-04-09,,True,
8,True,47.953216374269005,True,False,True,False,0.5455824365514002,129400.0,129400.0,1290236540.0,1290.23654,140344.328125,0.9220180233058493,-0.1231564895654724,0.0107075239406539,1997.8812025232007,1.5439576526454415,-0.0174639331814729,-0.0734749076562728,29.76832215743023,20.93170851501498,20.455600473409284,,0,,False,False,False,False,False,False,False,False,False,8984.T,,129400.0,21.090445,0.5805536,6135.48,222890.7,594007883776.0,1776321000.0,1776321000.0,1776321000.0,True,,,True,1776321000.0,2026-04-16,5.0,2026-04-09,,True,
8,True,50.84745762711864,True,False,True,False,0.4273406115247393,146600.0,146600.0,1027643075.0,1027.643075,153659.140625,0.9540597416054304,-0.1693613377904097,0.0692204086268288,2523.9268144353005,1.7216417560950208,-0.0291390728476821,-0.0459402583945695,21.34368743475093,23.706826770749316,23.44809328712444,,1,cross_sma25_down,False,True,False,False,False,False,False,False,False,3249.T,,146600.0,18.348623,1.5877135,7989.7,92334.04,371809255424.0,,1773901800.0,1773901800.0,True,,,True,1773901800.0,2026-03-19,-16.0,2026-04-10,,True,
8,True,50.63829787234043,True,False,True,False,0.4329413872989693,147200.0,147200.0,991751990.0,991.75199,153659.140625,0.9579644881604322,-0.169361399139832,0.07240090217422,2443.646327689922,1.6600858204415232,-0.0251655629139072,-0.0420355118395677,20.03735389787312,23.905898205332804,22.4885398107713,,0,,False,False,False,False,False,False,False,False,False,3249.T,,147200.0,18.42372,1.5942117,7989.7,92334.04,373331001344.0,,1773901800.0,1773901800.0,True,,,True,1773901800.0,2026-03-19,-17.0,2026-04-13,,True,
8,True,51.41242937853107,True,False,True,False,0.3015065440818752,127300.0,127300.0,204618550.0,204.61855,135900.0,0.9367181751287712,-0.116707149033708,0.0510771727450656,1979.2195634150603,1.5547679209859075,-0.0085669781931464,-0.0632818248712288,23.28801852678312,21.27338861074825,21.213155541132625,,0,,False,False,False,False,False,False,False,False,False,2979.T,,127300.0,23.425928,1.1751652,5434.15,108325.2,92610748416.0,,1737095400.0,1737095400.0,True,,,True,1737095400.0,2025-01-17,-322.0,2026-04-14,,True,
8,True,53.10344827586207,True,False,True,False,0.3693141570889163,101300.0,101300.0,1208523580.0,1208.52358,106100.0,0.9547596606974552,-0.0933081998114986,0.0192462235394192,1654.3453012765483,1.6331148087626344,-0.0306220095693779,-0.0452403393025447,23.140391064773976,22.486016460176785,22.07415100054304,,0,,False,False,False,False,False,False,False,False,False,8954.T,,101300.0,23.779343,0.8013643,4260.0,126409.42,559176024064.0,1776753000.0,1776753000.0,1776753000.0,True,,,True,1776753000.0,2026-04-21,5.0,2026-04-14,,True,
8,True,48.26086956521739,True,False,True,False,0.472228384583024,148900.0,148900.0,385123980.0,385.12398,162600.0,0.9157441574415744,-0.1217712177121771,0.0013084082975434,2193.0485832070763,1.472833165350622,-0.0125994694960211,-0.0842558425584255,24.029185194080554,22.876680935660783,20.85670247080137,,0,,False,False,False,False,False,False,False,False,False,8966.T,,148900.0,18.043434,1.5642338,8252.31,95190.375,186353270784.0,1768804200.0,1768890600.0,1768890600.0,True,,,True,1768890600.0,2026-01-20,-60.0,2026-04-14,,True,
8,True,53.846153846153854,True,False,True,False,0.3032003606596389,127000.0,127000.0,205845350.0,205.84535,135900.0,0.9345106696100074,-0.1167070879736495,0.0479307617422084,1930.7038803139849,1.5202392758377832,-0.0109034267912772,-0.0494011976047904,21.94668590309877,22.10005214129714,20.192909487546505,,0,,False,False,False,False,False,False,False,False,False,2979.T,,127000.0,23.364014,1.1723957,5435.71,108325.2,92392497152.0,,1737095400.0,1737095400.0,True,,,True,1737095400.0,2025-01-17,-323.0,2026-04-15,,True,
8,True,50.40650406504064,True,False,True,False,0.346698222697249,90000.0,90000.0,1344661315.0,1344.661315,97400.0,0.9240246406570842,-0.1634016896415216,0.0312843472743187,1450.726597710934,1.6119184419010375,-0.033297529538131,-0.0566037735849056,26.789616638462387,23.77678979997068,18.67984305101233,,0,,False,False,False,False,False,False,False,False,False,3283.T,,90000.0,24.619223,1.5151258,3655.68,59401.01,755019612160.0,1768977000.0,1768977000.0,1768977000.0,True,,,True,1768977000.0,2026-01-21,-60.0,2026-04-15,,True,
8,True,54.54545454545455,True,True,False,True,0.1848828112055316,11610.0,11610.0,1180759000.0,1180.759,11690.0,0.9931565440547476,-0.2400049533336303,0.0219305773775728,61.09035181412191,0.5261873541268036,0.0,-0.0068434559452523,20.31245236409529,27.758266007548816,14.305163285596397,,0,,False,False,False,False,False,False,False,False,False,6135.T,,11610.0,17.667736,1.0800753,657.13,10749.251,271579267072.0,,1753768800.0,1754287200.0,True,,,True,1753768800.0,2025-07-29,-186.0,2026-04-15,,True,
8,True,54.60992907801418,True,False,True,False,0.3714005216794217,101000.0,101000.0,1202719040.0,1202.71904,106100.0,0.9519321394910462,-0.0933081998114986,0.0156970746484532,1607.6063511853663,1.5916894566191746,-0.0334928229665071,-0.0480678605089538,21.97049279873431,24.152823916410544,21.09336047909184,,0,,False,False,False,False,False,False,False,False,False,8954.T,,101000.0,23.739012,0.7989911,4254.6,126409.42,557519994880.0,1776753000.0,1776753000.0,1776753000.0,True,,,True,1776753000.0,2026-04-21,4.0,2026-04-15,,True,
8,True,51.834862385321095,True,False,True,False,0.4873206362758085,149100.0,149100.0,385213060.0,385.21306,162600.0,0.9169741697416974,-0.1217712177121771,0.0015547919578418,2055.7408702142648,1.3787665125514854,-0.0086436170212765,-0.0610831234256926,21.27121715272276,21.36544068992751,20.227127842167278,,0,,False,False,False,False,False,False,False,False,False,8966.T,,149100.0,18.082634,1.5663348,8245.48,95190.375,186603569152.0,1768804200.0,1768890600.0,1768890600.0,True,,,True,1768890600.0,2026-01-20,-62.0,2026-04-16,,True,
8,True,49.03846153846154,True,True,False,True,0.4634902383642549,3110.0,3110.0,207222930.0,207.22293,3870.23193359375,0.8035694122114724,-0.2421580990217928,0.1345277939147988,112.07324196699516,3.603641220803703,-0.0126984126984126,-0.1964305877885276,26.74831210592415,32.442407897172046,25.4271818566719,,0,,False,False,False,False,False,False,False,False,False,1813.T,,3110.0,15.585848,1.2762849,199.54,2436.76,47116103680.0,,1754457000.0,1754889000.0,True,,,True,1754457000.0,2025-08-06,-184.0,2026-04-21,,True,
8,True,52.45398773006136,True,False,True,True,0.4976007075462564,2190.0,2190.0,336985590.0,336.98559,2465.037353515625,0.8884246710812037,-0.1809454744689724,0.0223546558534686,53.651759393686746,2.449852027108984,0.0,-0.1115753289187962,21.110017025840907,31.756725151107336,25.828953430915572,,0,,False,False,False,False,False,False,False,False,False,1870.T,,2190.0,9.046597,1.2887918,242.08,1699.266,94567964672.0,,1754456400.0,1754974800.0,True,,,True,1754456400.0,2025-08-06,-189.0,2026-04-28,,True,
8,True,54.14965986394557,True,True,False,False,0.4771873049907448,3005.0,3005.0,705282975.0,705.282975,3424.65283203125,0.8774612047953652,-0.2224029323227762,0.0940001509839985,98.51640633461328,3.278416184180142,0.0,-0.1225387952046348,22.34508468417308,37.77699205164363,28.2441204418682,,0,,False,False,False,False,False,False,False,False,False,5482.T,,3005.0,18.651854,0.8525059,161.11,3524.902,192377405440.0,,1753762800.0,1754281200.0,True,,,True,1753762800.0,2025-07-29,-195.0,2026-04-28,,True,
8,True,48.92787524366472,True,True,False,False,0.275846689513861,2685.0,2685.0,216500440.0,216.50044,2987.035888671875,0.8988844125317258,-0.1834714777784434,0.0455039729283586,66.8488135825458,2.489713727469117,-0.0040801186943619,-0.1011155874682742,27.421355882287468,36.69732561029547,26.6077279528428,,0,,False,False,False,False,False,False,False,False,False,7949.T,,2685.0,17.59156,1.2502863,152.63,2147.508,47258320896.0,,1753250400.0,1753682400.0,True,,,True,1753250400.0,2025-07-23,-199.0,2026-04-28,,True,
8,True,52.45398773006136,True,False,True,True,0.497600678779642,2190.0,2190.0,336985590.0,336.98559,2465.037353515625,0.8884246710812037,-0.1809454744689724,0.022354657018665,53.651759393686746,2.449852027108984,0.0,-0.1115753289187962,21.110017025840907,31.756725151107336,25.828953430915572,,0,,False,False,False,False,False,False,False,False,False,1870.T,,2190.0,9.049587,1.2887918,242.0,1699.266,94567964672.0,,1754456400.0,1754974800.0,True,,,True,1754456400.0,2025-08-06,-190.0,2026-04-29,,True,
8,True,54.14965986394557,True,True,False,False,0.4759715113670775,3005.0,3005.0,705282975.0,705.282975,3416.501708984375,0.8795546602824026,-0.220547733666543,0.0963137147644122,98.51640633461328,3.278416184180142,0.0,-0.1204453397175974,22.34508468417308,37.77699205164363,28.2441204418682,,0,,False,False,False,False,False,False,False,False,False,5482.T,,3005.0,17.606047,0.8525059,170.68,3524.902,192377405440.0,,1753762800.0,1754281200.0,True,,,True,1753762800.0,2025-07-29,-196.0,2026-04-29,,True,
8,True,48.92787524366472,True,True,False,False,0.275846689513861,2685.0,2685.0,216500440.0,216.50044,2987.035888671875,0.8988844125317258,-0.1834714777784434,0.0455039729283586,66.8488135825458,2.489713727469117,-0.0040801186943619,-0.1011155874682742,27.421355882287468,36.69732561029547,26.6077279528428,,0,,False,False,False,False,False,False,False,False,False,7949.T,,2685.0,15.479965,1.2502863,173.45,2147.508,47258320896.0,,1753250400.0,1753682400.0,True,,,True,1753250400.0,2025-07-23,-200.0,2026-04-29,,True,
8,True,46.42857142857143,True,True,False,True,0.2329356614093131,3000.0,3000.0,258417565.0,258.417565,3208.408447265625,0.9350430437112076,-0.1226179439843166,0.042432326179681,57.4239282798632,1.9141309426621067,-0.0291262135922329,-0.0649569562887922,25.03174178523802,28.25095676778989,25.166361903784058,,0,,False,False,False,False,False,False,False,False,False,2664.T,,3000.0,20.965826,0.5767794,143.09,5201.295,67002744832.0,,1753336800.0,1753682400.0,True,,,True,1753336800.0,2025-07-24,-201.0,2026-05-01,,True,
8,True,46.42857142857143,True,True,False,True,0.2329356614093131,3000.0,3000.0,258417565.0,258.417565,3208.408447265625,0.9350430437112076,-0.1226179439843166,0.042432326179681,57.4239282798632,1.9141309426621067,-0.0291262135922329,-0.0649569562887922,25.03174178523802,28.25095676778989,25.166361903784058,,0,,False,False,False,False,False,False,False,False,False,2664.T,,3000.0,20.96436,0.57797354,143.1,5190.549,67002744832.0,,1753336800.0,1753682400.0,True,,,True,1753336800.0,2025-07-24,-202.0,2026-05-04,,True,
8,True,46.42857142857143,True,True,False,True,0.2329356614093131,3000.0,3000.0,258417565.0,258.417565,3208.408447265625,0.9350430437112076,-0.1226179439843166,0.042432326179681,57.4239282798632,1.9141309426621067,-0.0291262135922329,-0.0649569562887922,25.03174178523802,28.25095676778989,25.166361903784058,,0,,False,False,False,False,False,False,False,False,False,2664.T,,3000.0,20.96436,0.57797354,143.1,5190.549,67002744832.0,,1753336800.0,1753682400.0,True,,,True,1753336800.0,2025-07-24,-203.0,2026-05-05,,True,
8,True,46.42857142857143,True,True,False,True,0.2329356614093131,3000.0,3000.0,258417565.0,258.417565,3208.408447265625,0.9350430437112076,-0.1226179439843166,0.042432326179681,57.4239282798632,1.9141309426621067,-0.0291262135922329,-0.0649569562887922,25.03174178523802,28.25095676778989,25.166361903784058,,0,,False,False,False,False,False,False,False,False,False,2664.T,,3000.0,20.96436,0.57797354,143.1,5190.549,67002744832.0,,1753336800.0,1753682400.0,True,,,True,1753336800.0,2025-07-24,-204.0,2026-05-06,,True,
8,True,49.84615384615385,False,True,False,True,0.3796420776537529,1932.0,1932.0,532484650.0,532.48465,2116.0,0.9130434782608696,-0.1742768022972962,0.0676977924478383,49.58935912546332,2.566737014775534,-0.0262096774193548,-0.0869565217391304,45.50464083103941,29.33728900568936,27.487624279217847,,0,,False,False,False,False,False,False,False,False,False,5445.T,,1932.0,4.8587885,0.7943925,397.63,2432.047,48898920448.0,,1753763400.0,1754281800.0,True,,,True,1753763400.0,2025-07-29,-202.0,2026-05-07,,True,
8,True,50.0,True,False,False,True,0.4130781355620616,1743.0,1743.0,221656705.0,221.656705,1948.19140625,0.8946759514533712,-0.1412548096491738,0.0146698642799958,43.57857881436713,2.5002053249780336,-0.0096590909090908,-0.1053240485466288,23.20138736916257,33.712658582929684,22.185766964028225,,0,,False,False,False,False,False,False,False,False,False,2053.T,,1743.0,9.143367,0.6891834,190.63,2529.08,50017603584.0,,1753765200.0,1754283600.0,True,,,True,1753765200.0,2025-07-29,-204.0,2026-05-11,,True,
8,True,54.51505016722408,True,False,True,True,0.4133645071003073,1769.0,1769.0,224407670.0,224.40767,1948.19140625,0.9080216627200308,-0.1412548096491738,0.0291190225060002,43.75153747048376,2.4732355834077877,0.0,-0.0919783372799691,23.492752842827876,35.91538559092416,20.519629139673736,,0,,False,False,False,False,False,False,False,False,False,2053.T,,1769.0,9.285602,0.69946384,190.51,2529.08,50763706368.0,,1753765200.0,1754283600.0,True,,,True,1753765200.0,2025-07-29,-205.0,2026-05-12,,True,
8,True,48.40085287846482,True,True,False,False,0.3270516555866676,3731.0,3731.0,1105104665.0,1105.104665,4180.11279296875,0.8925596472601912,-0.3326716955611997,0.0003649267230068,69.8115947598249,1.8711228828685311,-0.0134849286092014,-0.0910052550021496,26.03820989661484,28.90942737466163,23.94170618326331,,0,,False,False,False,False,False,False,False,False,False,4540.T,,3731.0,9.919706,0.91089755,376.12,4095.96,278129082368.0,1778653800.0,1785911400.0,1785911400.0,True,,,True,1785911400.0,2026-08-05,59.0,2026-05-14,,True,
8,True,43.169794355189765,True,True,False,True,0.3263345358229141,770.5999755859375,770.5999755859375,1432232923.61969,1432.23292361969,832.0389404296875,0.9261585463632012,-0.1740971129541655,0.009107045802807,16.102939073722084,2.089662546573268,-0.0486420054494598,-0.0738414536367988,21.83387074670784,27.03630357116436,25.58412030970177,,0,,False,False,False,False,False,False,False,False,False,9008.T,,770.6,15.006816,1.0257789,51.35,751.234,446087659520.0,1778653800.0,1785911400.0,1785911400.0,True,,,True,1785911400.0,2026-08-05,59.0,2026-05-14,,True,
8,True,52.4804177545692,True,False,False,True,0.4078019051345288,2645.5,2645.5,23501799582.5,23501.7995825,2763.5,0.9573005246969424,-0.1205025409830355,0.037194089457367,59.50002524190625,2.2491032032472598,0.0,-0.0426994753030577,21.116932681179907,24.48283304577994,19.83530788533418,,0,,False,False,False,False,False,False,False,False,False,9433.T,,2645.5,14.423182,1.9838771,183.42,1333.5,10071625957376.0,1778567400.0,1785479400.0,1785479400.0,True,,,True,1785479400.0,2026-07-31,56.0,2026-05-14,,True,
8,True,49.48453608247423,True,True,False,False,0.555881859998757,2868.0,2868.0,430648685.0,430.648685,3060.0,0.9372549019607844,-0.1429717183657344,0.0759255198747652,50.56317131673934,1.7630115521875642,-0.01510989010989,-0.0627450980392156,26.10469253431702,26.23557632143189,24.53099743213419,,0,,False,False,False,False,False,False,False,False,False,3087.T,,2868.0,16.791569,1.145879,170.8,2502.882,120520138752.0,,1752129000.0,1752474600.0,True,,,True,1752129000.0,2025-07-10,-221.0,2026-05-15,,True,
8,True,49.65357967667436,True,False,True,False,0.2623584947324321,1696.5,1696.5,431769840.0,431.76984,1772.0,0.957392776523702,-0.1968721804911354,0.0393583172611176,28.370596631747,1.6723015992777486,-0.0258397932816537,-0.0426072234762979,22.48069460226444,30.58632607398993,25.60517068483878,,0,,False,False,False,False,False,False,False,False,False,7458.T,,1696.5,12.06872,1.4795907,140.57,1146.601,175378907136.0,1778653800.0,1785997800.0,1785997800.0,True,,,True,1785997800.0,2026-08-06,59.0,2026-05-15,,True,
8,True,52.03252032520325,True,False,True,False,0.555512279698968,2833.0,2833.0,437129260.0,437.12926,3060.0,0.9258169934640524,-0.1429717183657344,0.0619822822383135,52.23723050840082,1.843883886636104,-0.0271291208791208,-0.0741830065359476,24.833203026375138,26.04218299092048,22.04878613747148,,0,,False,False,False,False,False,False,False,False,False,3087.T,,2833.0,16.60123,1.1318951,170.65,2502.882,119049355264.0,,1752129000.0,1752474600.0,True,,,True,1752129000.0,2025-07-10,-222.0,2026-05-18,,True,
8,True,45.45454545454545,False,False,True,True,0.4173013399066362,20450.0,20450.0,22043919250.0,22043.91925,20590.0,0.993200582807188,-0.1195652173913043,0.1204773397840683,34.44966515863283,0.1684580203356128,-0.00146484375,-0.006799417192812,26.190156953455418,28.01391589848059,18.56041953311607,,0,,False,False,False,False,False,False,False,False,False,6201.T,,20450.0,27.430885,0.9073867,745.51,22537.248,6144663748608.0,1777357800.0,1777357800.0,1777357800.0,True,,,True,1777357800.0,2026-04-28,-14.0,2026-05-18,,True,
8,True,50.625,True,True,False,False,0.2712898324127515,3000.0,3000.0,1447718030.0,1447.71803,3151.0,0.952078705172961,-0.2373875518130723,0.0384112842443855,53.474935588228185,1.7824978529409397,-0.0160708428993112,-0.0479212948270389,26.260564442124565,24.39453505164111,22.843460305238857,,0,,False,False,False,False,False,False,False,False,False,2229.T,,3000.0,21.420921,1.7764398,140.05,1688.771,364763578368.0,1785393000.0,1785393000.0,1785393000.0,True,,,True,1785393000.0,2026-07-30,52.0,2026-05-19,,True,
8,True,52.631578947368425,True,False,True,False,0.4561583070196203,1155.0,1155.0,310936240.0,310.93624,1200.0,0.9625,-0.1106851468869164,0.0663545012560697,19.19681532386742,1.662061932802374,-0.0269587194608256,-0.0374999999999999,24.54085524511173,25.164520406360783,24.17073468844622,,0,,False,False,False,False,False,False,False,False,False,3167.T,,1155.0,14.013589,1.4664135,82.42,787.636,148875034624.0,1778221800.0,1785911400.0,1785911400.0,True,,,True,1785911400.0,2026-08-05,56.0,2026-05-19,,True,
8,True,54.78260869565218,True,False,False,True,0.4299546438433386,1627.5,1627.5,2209459260.0,2209.45926,1874.5,0.8682315284075753,-0.2209413893889501,0.007847744380298,36.33938611789235,2.2328347845095147,-0.0021459227467811,-0.1317684715924246,22.58907808360916,31.56334933795386,23.86416887085101,,0,,False,False,False,False,False,False,False,False,False,4912.T,,1627.5,16.323973,1.3932954,99.7,1168.094,450274918400.0,1778567400.0,1785997800.0,1785997800.0,True,,,True,1785997800.0,2026-08-06,57.0,2026-05-19,,True,
8,True,53.424657534246585,True,False,True,True,0.2655786537040799,4175.0,4175.0,619753250.0,619.75325,4620.0,0.9036796536796536,-0.1277056277056276,0.0463915354061943,69.01063973556651,1.652949454744108,-0.0106635071090047,-0.0963203463203463,22.68870473613293,26.22933256450364,23.302189721673354,,0,,False,False,False,False,False,False,False,False,False,1377.T,,4175.0,15.617986,1.0194384,267.32,4095.392,176434233344.0,1775543400.0,1775543400.0,1775543400.0,True,,,True,1775543400.0,2026-04-07,-31.0,2026-05-20,,True,
8,True,48.026315789473685,True,False,True,False,0.2643462826833335,3000.0,3000.0,1466992435.0,1466.992435,3151.0,0.952078705172961,-0.2373875518130723,0.037840410525004,51.47672590335474,1.715890863445158,-0.014454664914586,-0.0479212948270389,24.619347847084523,23.531370148473112,22.035177910815147,,0,,False,False,False,False,False,False,False,False,False,2229.T,,3000.0,21.413275,1.7764398,140.1,1688.771,364763578368.0,1785393000.0,1785393000.0,1785393000.0,True,,,True,1785393000.0,2026-07-30,51.0,2026-05-20,,True,
8,True,52.631578947368425,True,False,True,False,0.4572444424439959,1149.0,1149.0,307009710.0,307.00971,1200.0,0.9575,-0.1106851468869164,0.0601820306310023,19.68275708644832,1.7130336889859286,-0.0320134793597304,-0.0424999999999999,23.50584636822176,26.78204375969476,21.890134105845476,,0,,False,False,False,False,False,False,False,False,False,3167.T,,1149.0,13.932339,1.4587957,82.47,787.636,148101644288.0,1778221800.0,1785911400.0,1785911400.0,True,,,True,1785911400.0,2026-08-05,55.0,2026-05-20,,True,
8,True,50.68493150684931,True,True,False,True,0.2684067649961555,4165.0,4165.0,636736300.0,636.7363,4620.0,0.9015151515151516,-0.1277056277056276,0.0427507279423391,69.0813083258832,1.6586148457595005,-0.0130331753554502,-0.0984848484848485,22.045214249328467,28.46680644329314,21.615612680330425,,1,vol_distribution,False,False,False,False,False,False,False,True,False,1377.T,,4165.0,15.587574,1.0169966,267.2,4095.392,176011640832.0,1775543400.0,1775543400.0,1775543400.0,True,,,True,1775543400.0,2026-04-07,-32.0,2026-05-21,,True,
8,True,53.03030303030303,True,False,True,False,0.458498854608651,1148.0,1148.0,306606970.0,306.60697,1200.0,0.9566666666666668,-0.1106852453134195,0.0585758340343129,19.348274437416297,1.6853897593568206,-0.021312872975277,-0.0433333333333333,22.544766696823928,25.29896334452885,20.67794770703927,,1,cross_sma25_down,False,True,False,False,False,False,False,False,False,3167.T,,1148.0,13.915152,1.4575261,82.5,787.636,147972751360.0,1778221800.0,1785911400.0,1785911400.0,True,,,True,1785911400.0,2026-08-05,54.0,2026-05-21,,True,
8,True,52.21421215242018,True,False,True,True,0.4192003060555114,3660.0,3660.0,13205627930.0,13205.62793,4016.0,0.9113545816733069,-0.2819447648289411,0.1165380467906858,134.34466942037662,3.6706193830704,-0.0314898121196083,-0.0886454183266932,20.358572773505347,24.93927293201249,24.480427497947,,0,,False,False,False,False,False,False,False,False,False,7453.T,,3660.0,32.544907,5.3161125,112.46,688.473,1942831497216.0,1783665000.0,1783665000.0,1783665000.0,True,,,True,1783665000.0,2026-07-10,34.0,2026-05-25,,True,
8,True,42.85714285714285,True,True,False,False,0.3919851748754894,4105.0,4105.0,337496425.0,337.496425,4318.6845703125,0.9505209128303996,-0.2332827002214786,0.1465501334766652,114.9589590946296,2.8004618537059582,-0.0363849765258216,-0.048667439165701,21.976890628155918,26.790128817844128,26.153476128947844,,0,,False,False,False,False,False,False,False,False,False,4044.T,,4105.0,12.172701,0.8232476,337.23,4986.349,101774376960.0,1778740200.0,1785997800.0,1785997800.0,True,,,True,1785997800.0,2026-08-06,49.0,2026-05-29,,True,
8,True,52.631578947368425,True,True,False,False,0.2732907433192488,3890.0,3890.0,367638700.0,367.6387,4030.0,0.9652605459057072,-0.0806451612903226,0.0555451024166406,77.66056144612753,1.9964154613400396,-0.0051150895140664,-0.0347394540942928,25.074947591061328,25.07147011027573,22.80115836800856,,0,,False,False,False,False,False,False,False,False,False,9715.T,,3890.0,11.893115,1.1363686,327.08,3423.185,145769103360.0,1777530600.0,1785393000.0,1785393000.0,True,,,True,1785393000.0,2026-07-30,44.0,2026-05-29,,True,
8,True,43.45794392523364,True,False,True,False,0.392071108745838,4060.0,4060.0,346347225.0,346.347225,4318.6845703125,0.9401010733474844,-0.2332826472761423,0.1324982369666085,116.74760487358462,2.8755567702853355,-0.0469483568075117,-0.0590961761297798,20.493006371108557,24.495424027381603,23.9133037367804,,0,,False,False,False,False,False,False,False,False,False,4044.T,,4060.0,12.032125,0.814223,337.43,4986.349,100658700288.0,1778740200.0,1785997800.0,1785997800.0,True,,,True,1785997800.0,2026-08-06,48.0,2026-06-01,,True,
8,True,45.78804347826087,True,False,True,True,0.395866556862533,1397.0,1397.0,7550821562.5,7550.8215625,1659.0,0.8420735382760699,-0.2660916538541472,0.1445368637010677,46.7783541324521,3.3484863373265643,-0.0217086834733893,-0.1579264617239301,21.00754239297989,25.798601573187312,22.971389800170805,,0,,False,False,False,False,False,False,False,False,False,5019.T,,1397.0,9.955106,0.8872884,140.33,1574.46,1692755165184.0,1786084200.0,1786084200.0,1786084200.0,True,,,True,1786084200.0,2026-08-07,46.0,2026-06-04,,True,
8,True,47.477064220183486,True,False,False,False,0.3598557701291429,2515.0,2515.0,518653580.0,518.65358,2760.36181640625,0.9111124436847596,-0.1392432738787321,0.0004370419838537,62.27104796439873,2.4759860025605858,-0.0086716594402838,-0.0760470242468772,26.639364324407023,26.384199761692145,24.39941105953075,,0,,False,False,False,False,False,False,False,False,False,8194.T,,2515.0,11.56056,1.3990076,217.55,1797.703,217591889920.0,,1751868000.0,1752213600.0,True,,,True,1751868000.0,2025-07-07,-238.0,2026-06-04,,True,
8,True,52.76273022751896,True,False,True,True,0.4201610869479971,5609.0,5609.0,17702029775.0,17702.029775,6309.0,0.8890473926137265,-0.1710255190996988,0.073181886246217,153.86735160906315,2.743222528241454,-0.00177967609895,-0.1109526073862735,21.45095077268045,28.514894618591907,19.453802412237437,,0,,False,False,False,False,False,False,False,False,False,9101.T,,5609.0,11.1146345,0.74036753,504.65,7575.967,2263548428288.0,1785911400.0,1785911400.0,1785911400.0,True,,,True,1785911400.0,2026-08-05,43.0,2026-06-05,,True,
8,True,47.61904761904762,True,False,False,True,0.612674274265068,5801.0,5801.0,15955633805.0,15955.633805,6907.0,0.8398725930215724,-0.2203561604169682,0.1407337341913193,181.87344524354484,3.1352085027330605,-0.016946280291476,-0.1601274069784276,27.346813755486536,21.394018133906155,18.490057785504234,,0,,False,False,False,False,False,False,False,False,False,9104.T,,5801.0,9.376111,0.6934665,618.7,8365.221,1992475279360.0,1786084200.0,1786084200.0,1786084200.0,True,,,True,1786084200.0,2026-08-07,45.0,2026-06-05,,True,
8,True,51.50166852057842,True,False,True,True,0.4194223385130559,5646.0,5646.0,17096239280.0,17096.23928,6309.0,0.8949120304327152,-0.1710255190996988,0.0795367010544616,150.73396935127295,2.66974795166973,0.0,-0.1050879695672848,20.815533606947398,27.02853025401704,20.9986630833184,,0,,False,False,False,False,False,False,False,False,False,9101.T,,5646.0,11.184406,0.7452514,504.81,7575.967,2278480150528.0,1785911400.0,1785911400.0,1785911400.0,True,,,True,1785911400.0,2026-08-05,42.0,2026-06-08,,True,
8,True,54.86257928118394,True,False,False,True,0.4187295911476442,5702.0,5702.0,17264858300.0,17264.8583,6309.0,0.903788239023617,-0.1710255190996988,0.0895310380478868,154.96725725475346,2.7177702079051818,0.0,-0.0962117609763829,21.36498624119225,34.091777455910524,18.966105033123483,,0,,False,False,False,False,False,False,False,False,False,9101.T,,5702.0,11.296681,0.7526432,504.75,7575.967,2301079322624.0,1785911400.0,1785911400.0,1785911400.0,True,,,True,1785911400.0,2026-08-05,41.0,2026-06-09,,True,
8,True,53.09734513274336,True,False,False,False,0.4834220792160125,1568.0,1568.0,4768400207.5,4768.4002075,1741.094482421875,0.9005829470086544,-0.1933235018662914,0.0565948367577657,54.08569997566576,3.4493431106929693,-0.0485436893203883,-0.0610778443113771,20.042771901979325,37.83949831414687,24.93755063222548,,0,,False,False,False,False,False,False,False,False,False,7181.T,,1568.0,10.274556,0.40906507,152.61,3833.131,1699104292864.0,1778826600.0,1786084200.0,1786084200.0,True,,,True,1786084200.0,2026-08-07,42.0,2026-06-10,,True,
8,True,50.318471337579616,True,False,True,False,0.360870463312334,3610.0,3610.0,455069650.0,455.06965,3935.0,0.9174078780177892,-0.1664548919949173,0.0986003139505593,101.04168630606384,2.798938678838334,-0.0424403183023872,-0.0825921219822108,25.02947480961712,27.036787894701213,24.49057191855016,,0,,False,False,False,False,False,False,False,False,False,9956.T,,3610.0,11.537232,1.0264819,312.9,3516.867,190151753728.0,1786084200.0,1786084200.0,1786084200.0,True,,,True,1786084200.0,2026-08-07,42.0,2026-06-10,,True,
8,True,50.45992115637319,True,False,True,True,0.1535245299418724,1693.0,1693.0,2195260737.5,2195.2607375,1894.0,0.8938753959873285,-0.2517794857143434,0.0514632955033103,56.69899785685514,3.34902527211194,0.0,-0.1061246040126715,20.381547998187344,27.19629483167448,21.85307140460802,,0,,False,False,False,False,False,False,False,False,False,2501.T,,1693.0,43.792034,3.070873,38.66,551.309,660001783808.0,1778740200.0,1785997800.0,1785997800.0,True,,,True,1785997800.0,2026-08-06,40.0,2026-06-11,,True,
8,True,50.97276264591439,True,False,True,False,0.4202763771720538,4615.0,4615.0,342730475.0,342.730475,5523.1845703125,0.8355686726107153,-0.2422849631904997,0.0938688231880415,156.60346962614557,3.393357955062742,-0.0149413020277481,-0.0788423153692614,22.412356050679318,26.80142178370598,21.3033202581796,,0,,False,False,False,False,False,False,False,False,False,1815.T,,4615.0,18.999588,0.8198353,242.9,5629.179,64291229696.0,,1754550000.0,1754982000.0,True,,,True,1754550000.0,2025-08-07,-225.0,2026-06-18,,True,
8,True,43.87351778656127,True,False,True,False,0.5935504574091505,8780.0,8780.0,716162100.0,716.1621,10580.0,0.8298676748582231,-0.2510373065754832,0.0213080541444896,271.8920172539937,3.096720014282388,-0.0341034103410341,-0.05793991416309,23.528705985594456,24.843241122926884,21.168298652090883,,0,,False,False,False,False,False,False,False,False,False,2986.T,,8780.0,10.155572,2.2921803,864.55,3830.414,67091693568.0,,1754548200.0,1754980200.0,True,,,True,1754548200.0,2025-08-07,-225.0,2026-06-18,,True,
8,True,53.41943058409158,True,False,True,False,0.3551285091431691,6765.0,6765.0,5414612190.0,5414.61219,8196.0,0.825402635431918,-0.288555392874573,0.1235146335625581,344.2749352244492,5.089060387648916,-0.0178571428571429,-0.1745973645680819,20.72495092083724,25.878746002946684,22.7475749805975,,0,,False,False,False,False,False,False,False,False,False,5214.T,,6765.0,17.683039,1.0129079,382.57,6678.791,498470584320.0,1777530600.0,1785306600.0,1785306600.0,True,,,True,1785306600.0,2026-07-29,29.0,2026-06-18,,True,
8,True,51.372549019607845,True,False,True,False,0.4221018351065845,4550.0,4550.0,345582475.0,345.582475,5523.1845703125,0.8238000997570434,-0.2422849631904997,0.0768011490544322,158.27465036713517,3.478563744332641,-0.0288153681963714,-0.091816367265469,21.62786188323445,24.62425880878653,19.572785196149518,,0,,False,False,False,False,False,False,False,False,False,1815.T,,4550.0,18.731989,0.80828834,242.9,5629.179,63385718784.0,,1754550000.0,1754982000.0,True,,,True,1754550000.0,2025-08-07,-226.0,2026-06-19,,True,
8,True,49.115044247787615,True,False,True,False,0.5933646573965035,8690.0,8690.0,714453750.0,714.45375,10580.0,0.8213610586011342,-0.2510373065754832,0.0103129076673549,271.7568731644227,3.12723674527529,-0.044004400440044,-0.0675965665236051,21.97177556820298,23.080195925030488,22.29445215468014,,0,,False,False,False,False,False,False,False,False,False,2986.T,,8690.0,10.051472,2.2686841,864.55,3830.414,66403966976.0,,1754548200.0,1754980200.0,True,,,True,1754548200.0,2025-08-07,-226.0,2026-06-19,,True,
8,True,48.9546477967192,True,False,False,False,0.3569024724763892,6823.0,6823.0,5491760245.0,5491.760245,8196.0,0.8324792581747193,-0.288555392874573,0.1306848926788633,338.04101127984563,4.95443369895714,-0.0094367015098721,-0.1675207418252806,20.056535145673774,27.03016214465172,21.51227964766908,,0,,False,False,False,False,False,False,False,False,False,5214.T,,6823.0,17.834644,1.021592,382.57,6678.791,502744252416.0,1777530600.0,1785306600.0,1785306600.0,True,,,True,1785306600.0,2026-07-29,28.0,2026-06-19,,True,
8,True,53.90625,True,False,False,False,0.5194162742143965,3940.0,3940.0,520779950.0,520.77995,4390.0,0.89749430523918,-0.2120173340548318,0.0775921541905084,92.5858172439118,2.3498938386779646,-0.0517448856799037,-0.10250569476082,25.82165482041175,22.98670505585442,20.33232354843252,,0,,False,False,False,False,False,False,False,False,False,9793.T,,3940.0,20.398655,2.2790995,193.15,1728.753,186304970752.0,1782973800.0,1782973800.0,1782973800.0,True,,,True,1782973800.0,2026-07-02,6.0,2026-06-24,,True,
8,True,38.90865954922894,False,True,False,False,0.2393535103739321,3989.0,3989.0,3041747580.0,3041.74758,4386.0,0.909484724122207,-0.1823973499830821,0.0975351029642292,147.92286274576014,3.708269309244426,-0.04477969348659,-0.0905152758777929,20.156596841890668,26.852123753018585,19.82806243259193,,0,,False,False,False,False,False,False,False,False,False,4676.T,,3989.0,121.87595,1.0393263,32.73,3838.063,568216387584.0,1778567400.0,1785393000.0,1785393000.0,True,,,True,1785393000.0,2026-07-30,25.0,2026-06-25,,True,
8,True,49.662921348314605,True,False,False,False,0.2558639559802564,2664.5,2664.5,3856627017.5,3856.6270175,2760.5,0.9652236913602608,-0.4397477974145672,0.0672626568939314,79.29748871975451,2.976073887024001,-0.007819772854217,-0.0347763086397391,23.761346520109942,30.969220012753297,24.027684121522945,,0,,False,False,False,False,False,False,False,False,False,2432.T,,2664.5,15.594639,1.2300285,170.86,2166.21,260277731328.0,1778567400.0,1785997800.0,1785997800.0,True,,,True,1785997800.0,2026-08-06,25.0,2026-07-02,,True,
8,True,49.09194097616345,True,False,True,False,0.2445428862844099,2664.0,2664.0,3927549172.5,3927.5491725,2760.5,0.9650425647527622,-0.4397477974145672,0.0660384390191148,78.49052523977205,2.9463410375289807,-0.0080059579221746,-0.0349574352472378,23.304040191477277,32.01037665066578,22.54080536834824,,0,,False,False,False,False,False,False,False,False,False,2432.T,,2664.0,15.573483,1.2297977,171.06,2166.21,260228890624.0,1778567400.0,1785997800.0,1785997800.0,True,,,True,1785997800.0,2026-08-06,24.0,2026-07-03,,True,
8,True,50.78468298807282,True,False,False,False,0.2267293215447649,2660.0,2660.0,4155404120.0,4155.40412,2760.5,0.9635935518927732,-0.4397477618978006,0.0626327004383917,80.4892794159259,3.0259127599972144,-0.0074626865671642,-0.0364064481072269,21.84447089781869,28.37964494902707,21.42518193912166,,0,,False,False,False,False,False,False,False,False,False,2432.T,,2660.0,15.559195,1.2279512,170.96,2166.21,249085001728.0,1778567400.0,1785997800.0,1785997800.0,True,,,True,1785997800.0,2026-08-06,22.0,2026-07-07,,True,
8,True,54.899023913171256,True,False,True,True,0.3164665500879953,1338.0,1338.0,250404695.0,250.404695,1433.0029296875,0.933703604005738,-0.1915789341390301,0.0362667809119168,33.91347333100769,2.5346392624071514,-0.0213874538020587,-0.0662963959942619,21.06806121684867,20.031511563425934,16.75667300216345,,0,,False,False,False,False,False,False,False,False,False,7613.T,,1338.0,25.321726,0.59541184,52.84,2247.184,63070179328.0,,1754546400.0,1754978400.0,True,,,True,1754546400.0,2025-08-07,-242.0,2026-07-13,,True,
8,True,53.91304347826088,True,False,True,True,0.5770806053480523,7730.0,7730.0,4794524400.0,4794.5244,8590.0,0.89988358556461,-0.1734575087310826,0.0835182611697979,173.86345449982986,2.249203809829623,-0.0202788339670468,-0.1001164144353899,21.04375951092707,29.974622542847225,16.289916329038267,,0,,False,False,False,False,False,False,False,False,False,2702.T,,7730.0,30.311348,3.6186697,255.02,2136.144,1027771006976.0,1778567400.0,1786084200.0,1786084200.0,True,,,True,1786084200.0,2026-08-07,9.0,2026-07-27,,True,
8,True,46.09929078014185,False,False,False,False,0.3248879332800794,4330.0,4330.0,691982275.0,691.982275,4565.0654296875,0.9485077632931996,-0.1277056436802337,0.0477781422558947,99.90142870832408,2.307192348922034,-0.0430939226519336,-0.0430939226519336,36.42271206370947,29.17662401142092,16.339739907157597,,1,macd_sell_like,False,False,True,False,False,False,False,False,False,1377.T,,4330.0,15.227178,1.0253409,284.36,4222.986,182984491008.0,1783924200.0,1791268200.0,1791268200.0,True,,,True,1791268200.0,2026-10-06,46.0,2026-08-03,,True,
8,True,50.11441647597254,True,True,False,True,0.4527585945145639,2581.0,2581.0,213537800.0,213.5378,2701.8525390625,0.9552704904078764,-0.1450908791240963,0.1217329489834979,68.81440841859909,2.6661917248585465,-0.0042438271604938,-0.0369402985074627,21.970789545950385,23.239255276063258,19.330872662861136,,0,,False,False,False,False,False,False,False,False,False,5121.T,,2581.0,12.374742,1.2581713,208.57,2051.39,47679746048.0,,1754546400.0,1754978400.0,True,,,True,1754546400.0,2025-08-07,-258.0,2026-08-04,,True,
8,True,52.52525252525253,True,False,True,False,0.361270884946103,6450.0,6450.0,492873850.0,492.87385,7290.0,0.8847736625514403,-0.2662718748117908,0.1099801616884799,241.1028757961419,3.738029082110727,-0.0315315315315315,-0.1152263374485597,20.18494749338449,24.108568946027823,23.50469801861305,,0,,False,False,False,False,False,False,False,False,False,9824.T,,6450.0,14.750949,1.7845858,437.26,3614.284,110101954560.0,,1756875600.0,1757307600.0,True,,,True,1756875600.0,2025-09-03,-239.0,2026-08-04,,True,
8,True,48.88888888888889,True,False,True,False,0.3791410822225504,6730.0,6730.0,671916100.0,671.9161,8000.0,0.84125,-0.31,0.1440252069780179,345.6903843455774,5.136558459815414,-0.0385714285714285,-0.1587499999999999,26.2749723332004,29.401012284576623,28.759726877657897,,0,,False,False,False,False,False,False,False,False,False,4975.T,,6730.0,18.403063,3.0364637,365.7,2216.394,165690736640.0,,1754373600.0,1754978400.0,True,,,True,1754373600.0,2025-08-05,-261.0,2026-08-05,,True,
8,True,51.97132616487456,True,False,True,False,0.4637245208796254,2836.0,2836.0,302490215.0,302.490215,3345.0,0.8478325859491779,-0.2684603886397608,0.1291690773840907,125.02785949061769,4.408598712645193,0.0,-0.1521674140508221,28.505088100025358,25.559520843090805,24.728197295197997,,0,,False,False,False,False,False,False,False,False,False,6145.T,,2836.0,13.909461,1.188763,203.89,2385.673,47856029696.0,,1754554800.0,1754986800.0,True,,,True,1754554800.0,2025-08-07,-259.0,2026-08-05,,True,
8,True,53.98230088495575,True,False,True,False,0.290865029991289,4620.0,4620.0,417644200.0,417.6442,5020.0,0.9203187250996016,-0.1603585657370517,0.0881768649358289,129.10924099718858,2.794572315956463,0.0,-0.0796812749003984,22.60677150239863,27.43258867087166,24.12792783165525,,0,,False,False,False,False,False,False,False,False,False,6651.T,,4620.0,15.249035,1.4167311,302.97,3261.028,175269494784.0,,1754289000.0,1754634600.0,True,,,True,1754289000.0,2025-08-04,-262.0,2026-08-05,,True,
8,True,54.256314312441525,True,False,True,False,0.4638294784503411,2802.0,2802.0,298207175.0,298.207175,3345.0,0.8376681614349776,-0.2684603886397608,0.1143130559262266,122.66872666985928,4.37789888186507,-0.0119887165021156,-0.1623318385650224,26.754875790627292,25.35486050818136,23.40349468649704,,0,,False,False,False,False,False,False,False,False,False,6145.T,,2802.0,13.741356,1.1745113,203.91,2385.673,47282298880.0,,1754554800.0,1754986800.0,True,,,True,1754554800.0,2025-08-07,-260.0,2026-08-06,,True,
8,True,52.83018867924528,False,False,True,False,0.3172183139793275,4155.0,4155.0,469699650.0,469.69965,4525.0,0.918232044198895,-0.1248618784530386,0.034421158955562,92.6152267075242,2.229006659627538,-0.0502857142857142,-0.0502857142857142,20.75550968062284,28.820011030870518,23.34631393208173,,0,,False,False,False,False,False,False,False,False,False,7516.T,,4155.0,9.616497,0.65668577,432.07,6327.227,120017674240.0,,1752040800.0,1752472800.0,True,,,True,1752040800.0,2025-07-09,-281.0,2026-08-06,,True,
8,True,50.24875621890547,True,False,True,False,0.3547178018602165,6670.0,6670.0,480510650.0,480.51065,7290.0,0.9149519890260632,-0.2662718748117908,0.1433876694783158,245.3897245385101,3.679006364895204,-0.0089153046062406,-0.0850480109739368,20.041964940396312,29.34393149897948,19.912753908664538,,0,,False,False,False,False,False,False,False,False,False,9824.T,,6670.0,15.270845,1.8454554,436.78,3614.284,113857363968.0,,1756875600.0,1757307600.0,True,,,True,1756875600.0,2025-09-03,-241.0,2026-08-06,,True,
8,True,47.4169741697417,False,True,False,False,0.3108824408515314,2948.0,2948.0,227055010.0,227.05501,3065.0,0.9618270799347473,-0.1198035723163624,0.0418828212570812,55.10894512033242,1.86936720218224,-0.0381729200652528,-0.0381729200652528,20.90493265663101,29.816988894551333,24.414639945622504,,0,,False,False,False,False,False,False,False,False,False,9039.T,,2948.0,13.821558,1.1946579,213.29,2467.652,118685679616.0,,1754544000.0,1754976000.0,True,,,True,1754544000.0,2025-08-07,-262.0,2026-08-10,,True,
8,True,47.4169741697417,False,True,False,False,0.3108824282931123,2948.0,2948.0,227055010.0,227.05501,3065.0,0.9618270799347473,-0.1198036444087848,0.0418828212570812,55.10894512033242,1.86936720218224,-0.0381729200652528,-0.0381729200652528,20.90493265663101,29.816988894551333,24.414639945622504,,0,,False,False,False,False,False,False,False,False,False,9039.T,,2948.0,13.811844,1.1946579,213.44,2467.652,118685679616.0,,1754544000.0,1754976000.0,True,,,True,1754544000.0,2025-08-07,-263.0,2026-08-11,,True,
8,True,52.23880597014925,True,False,True,False,0.3193848011631166,2927.0,2927.0,379820515.0,379.820515,3435.0,0.8521106259097525,-0.2066957787481804,0.0746206799125186,133.02654249691716,4.54480842148675,-0.0204149933065596,-0.0909937888198757,23.32609958642495,26.98526731747079,17.18379514198351,,0,,False,False,False,False,False,False,False,False,False,1982.T,,2927.0,14.68051,1.6733775,199.38,1749.157,120782774272.0,,1754460000.0,1754978400.0,True,,,True,1754460000.0,2025-08-06,-265.0,2026-08-12,,True,
8,True,53.9313399778516,True,False,True,False,0.3208208222853288,2984.0,2984.0,382053475.0,382.053475,3435.0,0.8687045123726347,-0.2066957787481804,0.0937498134059335,129.0960751757088,4.32627597773823,-0.001338688085676,-0.0732919254658385,23.592866269694667,28.64247668386194,16.44219020094006,,0,,False,False,False,False,False,False,False,False,False,1982.T,,2984.0,14.948402,1.7059647,199.62,1749.157,123134877696.0,,1754460000.0,1754978400.0,True,,,True,1754460000.0,2025-08-06,-266.0,2026-08-13,,True,
8,True,44.31372549019608,True,False,False,False,0.359240967534762,3940.0,3940.0,426733425.0,426.733425,4682.0966796875,0.841503341247317,-0.2716938087174236,0.0566106269972495,186.48519721814705,4.733126832947895,-0.0448484848484848,-0.1563169164882226,21.241820196512588,29.05714244729153,24.79284779887136,,0,,False,False,False,False,False,False,False,False,False,1975.T,,3940.0,10.999748,1.9958614,358.19,1974.085,101950193664.0,,1754463600.0,1754982000.0,True,,,True,1754463600.0,2025-08-06,-268.0,2026-08-17,,True,
8,True,54.14235705950992,True,False,True,False,0.3254582186569689,3010.0,3010.0,393275745.0,393.275745,3435.0,0.87627365356623,-0.2066957787481804,0.0996806071270612,125.36855461578972,4.165068259660789,0.0,-0.0652173913043477,24.92073010995785,33.23668510260111,14.598718051946186,,0,,False,False,False,False,False,False,False,False,False,1982.T,,3010.0,15.098314,1.720829,199.36,1749.157,124207767552.0,,1754460000.0,1754978400.0,True,,,True,1754460000.0,2025-08-06,-268.0,2026-08-17,,True,
8,True,49.56140350877193,True,False,True,True,0.3615449121178334,3930.0,3930.0,424510625.0,424.510625,4682.0966796875,0.8393675459649633,-0.2716938087174236,0.0525067128018772,182.0933974168508,4.633419781599257,-0.0472727272727272,-0.158458244111349,20.2901787646236,27.632385835952643,23.577182016200663,,0,,False,False,False,False,False,False,False,False,False,1975.T,,3930.0,10.973056,1.9907957,358.15,1974.085,101691441152.0,,1754463600.0,1754982000.0,True,,,True,1754463600.0,2025-08-06,-269.0,2026-08-18,,True,
