score,gc_multi,rsi,macd_buy_like,vol_surge,vol_quiet,vol_down,hurst,close,close_adj,adv20,adv20_m,hh252,pct_of_52w_high,max_dd_252,dev200,atr14,natr14,pullback_20d,pullback_60d,adx14,plus_di14,minus_di14,skip_reason,sell_score,sell_reason,sell_trend_break,sell_cross_sma25_down,sell_macd_sell_like,sell_rsi_reversal,sell_trailing_stop,sell_ext_dev200,sell_di_bear,sell_vol_distribution,sell_natr_spike,ticker,skip_reason_yahoo,mkt_price,pe_ttm,pbr,eps_ttm,bps,market_cap,earn_ts,earn_start_ts,earn_end_ts,market_risk_on,market_close,market_ma200,fund_ok,earn_ts_pick,next_earn_date,days_to_earnings
7,True,49.85507246376812,True,False,True,True,0.46185611411999583,1334.5,1334.5,8162926895.0,8162.926895,1516.5,0.8799868117375536,-0.17012858555885257,0.02215025080530597,26.390556547308556,1.977561374845152,-0.007068452380952328,-0.12001318826244645,24.574582754209445,26.678468757358104,24.914203621329687,,0,,False,False,False,False,False,False,False,False,False,8593.T,,1334.5,11.833821,0.96278226,112.77,1386.087,1916237643776.0,1786084200.0,1786084200.0,1786084200.0,True,,,True,1786084200.0,2026-08-07,39.0
7,True,53.349475383373694,True,False,False,False,0.5101396928843314,2294.0,2294.0,6377871120.0,6377.87112,2860.73291015625,0.8018924073113503,-0.27186491524431444,0.024627053946638888,87.86970541073254,3.8304143596657596,-0.02320630189482653,-0.060028682646998566,13.569581161247694,34.915357692473066,21.225960174139047,,0,,False,False,False,False,False,False,False,False,False,7202.T,,2294.0,11.88601,1.0655712,193.0,2152.836,1576521957376.0,1778653800.0,1785997800.0,1785997800.0,True,,,True,1785997800.0,2026-08-06,38.0
7,True,51.01180438448567,True,False,True,True,0.37193994374587097,7304.0,7304.0,5529139950.0,5529.13995,8525.0,0.8567741935483871,-0.2336656891495601,0.10285296557056367,307.8080124134581,4.214238943229163,0.0,-0.14322580645161287,18.105415491592353,30.664310231280407,23.938366156409995,,0,,False,False,False,False,False,False,False,False,False,1944.T,,7304.0,20.837019,2.186548,350.53,3340.425,1446074908672.0,1777271400.0,1777271400.0,1777271400.0,True,,,True,1777271400.0,2026-04-27,-35.0
7,True,44.33497536945813,False,False,True,True,0.3394520975002811,1580.0,1580.0,2809747550.0,2809.74755,1676.0,0.9427207637231504,-0.17602623123693217,0.10727400869950543,43.868966094693455,2.776516841436295,-0.05727923627684961,-0.05727923627684961,25.243853365586013,30.201443651440847,22.649258735034103,,0,,False,False,False,False,False,False,False,False,False,6845.T,,1580.0,18.885965,3.1745777,83.66,497.704,796056420352.0,1778653800.0,1785911400.0,1785911400.0,True,,,True,1785911400.0,2026-08-05,37.0
7,True,51.82033096926714,True,False,False,True,0.4270321878851689,9282.0,9282.0,2119951435.0,2119.951435,10423.552734375,0.8904833348604488,-0.22082636264083932,0.12009343054032051,298.30950034072464,3.2138493895790203,-0.004397726053845363,-0.06270827022114511,16.24941458832978,31.89367453596077,25.84828160912633,,0,,False,False,False,False,False,False,False,False,False,1959.T,,9282.0,16.3935,1.8883344,566.2,4915.443,656560947200.0,1777357800.0,1784874600.0,1784874600.0,True,,,True,1784874600.0,2026-07-24,29.0
7,True,43.733092876465285,False,False,True,True,0.5224093474425617,4125.0,4125.0,1688641470.0,1688.64147,4876.16845703125,0.8459510856422334,-0.25966462565613024,0.08117555734585591,149.03792272169588,3.6130405508289907,-0.03890959925442683,-0.0944017563117453,20.482324569336175,31.531137093086098,25.755136546425124,,0,,False,False,False,False,False,False,False,False,False,4401.T,,4125.0,14.838664,1.2878652,277.99,3202.975,400025911296.0,1778740200.0,1786084200.0,1786084200.0,True,,,True,1786084200.0,2026-08-07,39.0
7,True,38.51992409867172,False,False,True,True,0.3811772548042003,1658.0,1658.0,1358463965.0,1358.463965,1749.5,0.9476993426693341,-0.15796011273435084,0.09106235099074822,37.0434084590931,2.2342224643602595,-0.05230065733066591,-0.05230065733066591,30.491620741307244,22.959523033440533,22.442294371505906,,1,macd_sell_like,False,False,True,False,False,False,False,False,False,8086.T,,1658.0,22.625546,0.9864902,73.28,1680.706,270412791808.0,1786343400.0,1786343400.0,1786343400.0,True,,,True,1786343400.0,2026-08-10,40.0
7,True,49.36336924583741,True,False,True,True,0.5001881352193001,2161.5,2161.5,1327342650.0,1327.34265,2423.3154296875,0.8919598222831179,-0.17550972707764534,0.14554889587304198,57.51323388484449,2.660801937767499,-0.036979282691022464,-0.08216560509554138,20.228638699374404,26.797881790312868,26.84870673553486,,1,di_bear,False,False,False,False,False,False,True,False,False,8020.T,,2161.5,11.100554,1.7260668,194.72,1252.269,359696859136.0,1785825000.0,1785825000.0,1785825000.0,True,,,True,1785825000.0,2026-08-04,36.0
7,True,60.416666666666664,True,False,True,True,0.5495076993241143,142900.0,142900.0,1131782650.0,1131.78265,153659.140625,0.9299804711829196,-0.10581303890459659,0.00283205590715907,2182.7102959024464,1.5274389754390807,0.0,-0.05364238410596023,32.717466111047365,21.300953310778073,19.120615615071014,,0,,False,False,False,False,False,False,False,False,False,3249.T,,142900.0,17.861986,1.5476416,8000.23,92334.04,361317072896.0,,1773901800.0,1773901800.0,True,,,True,1773901800.0,2026-03-19,-62.0
7,True,45.28688524590164,True,False,True,True,0.33305189528106366,1261.0,1261.0,890703520.0,890.70352,1403.1419677734375,0.8986973727263007,-0.17369813613229723,0.042178918618549055,33.1137693695811,2.625992812813727,-0.028879476318829367,-0.06902916205241783,14.321110717544489,27.484603059604666,18.506688330921293,,0,,False,False,False,False,False,False,False,False,False,9533.T,,1261.0,15.063911,0.9611478,83.71,1311.973,456242429952.0,1785133800.0,1785133800.0,1785133800.0,True,,,True,1785133800.0,2026-07-27,30.0
7,True,49.60629921259842,True,False,True,False,0.18347531261730513,5720.0,5720.0,743520800.0,743.5208,6000.0,0.9533333333333334,-0.265143448348777,0.026680683906988634,163.6173937277229,2.860443946288862,-0.032148900169204686,-0.046666666666666634,11.299732424407718,19.977661366393544,20.41860043308091,,0,,False,False,False,False,False,False,False,False,False,9605.T,,5720.0,15.293709,1.2278997,374.01,4658.361,357425250304.0,1778826600.0,1786084200.0,1786084200.0,True,,,True,1786084200.0,2026-08-07,39.0
7,True,38.490566037735846,False,False,True,True,0.3038729616872694,2050.0,2050.0,650648555.0,650.648555,2483.0,0.8256141763995167,-0.25211437776882806,0.014429808261219534,48.908148297072614,2.3857633315645175,-0.028896257697773597,-0.06478102189781021,10.949391907815322,26.667452534043214,20.91346452867375,,0,,False,False,False,False,False,False,False,False,False,7172.T,,2050.0,11.777548,1.6080084,174.06,1274.869,127306391552.0,,1753768800.0,1754287200.0,True,,,True,1753768800.0,2025-07-29,-229.0
7,True,51.35135135135135,True,False,False,True,0.42400006952331537,3915.0,3915.0,498549250.0,498.54925,4405.0,0.8887627695800226,-0.2633371169125993,0.11422058062766638,141.83720247329384,3.622917049126279,-0.008860759493670933,-0.11123723041997735,14.529160541950802,30.284457083445222,19.69454927767224,,0,,False,False,False,False,False,False,False,False,False,4553.T,,3915.0,36.712303,1.0821165,106.64,3617.91,192727105536.0,1778740200.0,1785997800.0,1785997800.0,True,,,True,1785997800.0,2026-08-06,38.0
7,True,48.97959183673469,True,False,True,True,0.39455660799646675,3595.0,3595.0,490704725.0,490.704725,4081.52490234375,0.8807982521276861,-0.16009557644889683,0.019678593258084964,81.92177812564911,2.2787699061376667,-0.013717421124828544,-0.036193029490616646,13.66437162637482,31.46527159739892,28.234207868284884,,0,,False,False,False,False,False,False,False,False,False,4041.T,,3595.0,10.686047,0.94230473,336.42,3815.114,192704675840.0,1778740200.0,1785997800.0,1785997800.0,True,,,True,1785997800.0,2026-08-06,38.0
7,True,51.470588235294116,True,False,True,True,0.34570713716276635,4930.0,4930.0,426352800.0,426.3528,5099.0,0.9668562463228084,-0.19884402872762375,0.040160728807527635,87.6815377864112,1.7785301782233507,-0.009244372990353744,-0.009244372990353744,17.802178429469464,29.64730664070177,16.9482533976785,,0,,False,False,False,False,False,False,False,False,False,7846.T,,4930.0,15.541755,1.2622535,317.21,3905.713,172945145856.0,1785997800.0,1785997800.0,1785997800.0,True,,,True,1785997800.0,2026-08-06,38.0
7,True,54.77031802120141,True,False,True,True,0.4064286723231881,1636.0,1636.0,421973185.0,421.973185,1805.0,0.9063711911357341,-0.12125532369618186,0.03724629014041936,47.30713238408009,2.8916340088068515,-0.06621004566210043,-0.09362880886426594,10.452089928827846,27.192476483454936,23.09670139615707,,0,,False,False,False,False,False,False,False,False,False,6454.T,,1636.0,21.360493,2.5511916,76.59,641.269,294176882688.0,1777530600.0,1785393000.0,1785393000.0,True,,,True,1785393000.0,2026-07-30,33.0
7,True,55.434782608695656,True,True,False,True,0.41974548746014867,4195.0,4195.0,385859750.0,385.85975,4855.97802734375,0.8638836453497486,-0.2581454059966205,0.12351171952550266,164.2187857984209,3.914631365874157,-0.0023781212841854638,-0.1361163546502514,24.12912648719094,24.18924499254442,18.414215463131608,,0,,False,False,False,False,False,False,False,False,False,9279.T,,4195.0,38.450962,7.5414515,109.1,556.259,84096106496.0,,1749794400.0,1749794400.0,True,,,True,1749794400.0,2025-06-13,-261.0
7,True,52.94117647058823,True,False,True,True,0.39876014733419884,3890.0,3890.0,371777400.0,371.7774,4285.4482421875,0.9077230152275403,-0.1331128530667578,0.044441173704849124,72.2033538950541,1.8561273494872517,-0.015189873417721489,-0.06377858002406744,11.440824512568314,27.198079914924016,23.486851253065975,,0,,False,False,False,False,False,False,False,False,False,8098.T,,3890.0,10.107046,0.8807327,384.88,4416.777,207655632896.0,1778481000.0,1785911400.0,1785911400.0,True,,,True,1785911400.0,2026-08-05,37.0
7,True,48.11715481171548,True,False,True,False,0.4149520596715908,4570.0,4570.0,371566875.0,371.566875,5523.1845703125,0.8274211990966347,-0.24228496319049975,0.08822286099497445,155.5507149085769,3.4037355559863656,-0.04192872117400415,-0.08782435129740518,26.721699685994555,25.958263916057433,26.540148932290435,,1,di_bear,False,False,False,False,False,False,True,False,False,1815.T,,4570.0,18.835262,0.81184125,242.63,5629.179,63664336896.0,,1754550000.0,1754982000.0,True,,,True,1754550000.0,2025-08-07,-222.0
7,True,54.63917525773196,True,False,True,True,0.4393170280187201,4560.0,4560.0,355427975.0,355.427975,5189.56689453125,0.8786860431080123,-0.2669433007131382,0.02242681528992807,105.64134576530512,2.3166961790637086,-0.011917659804983716,-0.06843718079673133,13.93997957964873,28.097747681249313,22.183202083005167,,0,,False,False,False,False,False,False,False,False,False,5480.T,,4560.0,6.801098,0.62480825,670.48,7298.239,63174529024.0,,1753682400.0,1754028000.0,True,,,True,1753682400.0,2025-07-28,-230.0
7,True,53.284671532846716,False,False,True,True,0.277799283750072,4780.0,4780.0,326000725.0,326.000725,5050.0,0.9465346534653465,-0.21019282655818283,0.06112315522118994,99.27339752760909,2.076849320661278,-0.023493360572012234,-0.030425963488843855,19.349448364704294,20.61430061097456,25.06134177500329,,0,,False,False,False,False,False,False,False,False,False,5302.T,,4780.0,10.935463,0.9827139,437.11,4864.081,52347895808.0,,1754546400.0,1754978400.0,True,,,True,1754546400.0,2025-08-07,-222.0
7,True,38.31041257367388,True,False,True,True,0.4831582678697295,2286.0,2286.0,313489630.0,313.48963,2653.027587890625,0.8616570782882653,-0.19752059506749042,0.04487397614318489,59.72085845238011,2.6124609996666717,-0.04948024948024943,-0.04948024948024943,19.90880350893198,27.5353368569423,22.925942255441264,,0,,False,False,False,False,False,False,False,False,False,6379.T,,2286.0,11.799318,1.3496894,193.74,1693.723,123462844416.0,,1754546400.0,1754978400.0,True,,,True,1754546400.0,2025-08-07,-222.0
7,True,48.62068965517241,True,False,True,False,0.32972029381876206,1692.0,1692.0,261816955.0,261.816955,1830.8223876953125,0.9241748469822538,-0.19966911427355194,0.019421978558636033,42.156028639263766,2.4914910543300097,-0.057906458797327365,-0.057906458797327365,15.009175727735748,23.359569986923205,18.920648634628844,,0,,False,False,False,False,False,False,False,False,False,8771.T,,1692.0,22.605211,3.6852148,74.85,459.132,75152998400.0,1786084200.0,1786084200.0,1786084200.0,True,,,True,1786084200.0,2026-08-07,39.0
7,True,51.63398692810458,True,False,True,False,0.46651350141412345,1110.0,1110.0,232369640.0,232.36964,1200.0,0.925,-0.12949642779681314,0.04743808198950261,22.116608759276687,1.9924872756105123,-0.034782608695652195,-0.07499999999999996,18.678945218845854,20.083142732210092,21.203854163098278,,0,,False,False,False,False,False,False,False,False,False,8892.T,,1110.0,8.725729,1.2244358,127.21,906.54,106436943872.0,,1745548200.0,1745548200.0,True,,,True,1745548200.0,2025-04-25,-296.0
7,True,64.21404682274247,True,False,True,True,0.5634970519226205,1793.0,1793.0,222160065.0,222.160065,2188.709228515625,0.8192042947687511,-0.24567412679129497,0.023926624064686042,46.62309434383817,2.6002841240288994,0.0,-0.06094289969999034,28.46044626454149,28.741243138751187,21.020121737259434,,0,,False,False,False,False,False,False,False,False,False,6309.T,,1793.0,13.007835,1.2472818,137.84,1437.526,52698898432.0,,1749711600.0,1749711600.0,True,,,True,1749711600.0,2025-06-12,-262.0
7,True,45.119305856832966,True,False,True,True,0.20867007315800598,2597.0,2597.0,213403110.0,213.40311,2642.0,0.9829674489023467,-0.2571080130102007,0.144590805123606,64.96194835343803,2.5014227321308447,-0.017032551097653337,-0.017032551097653337,20.506677762012117,24.93676389187973,18.516611081170804,,0,,False,False,False,False,False,False,False,False,False,7976.T,,2597.0,22.726875,1.0000917,114.27,2596.762,129873985536.0,1785393000.0,1785393000.0,1785393000.0,True,,,True,1785393000.0,2026-07-30,33.0
6,True,43.60422740524781,False,False,True,False,0.5235244042265862,7139.0,7139.0,581507590245.0,581507.590245,8632.0,0.8270389249304912,-0.4864359953363172,0.48436245356314256,619.032762918472,8.671141097051017,-0.17296107506950875,-0.17296107506950875,28.993784454050736,34.9252980769257,24.879258855080028,,1,trailing_stop;ext_dev200,False,False,False,False,True,True,False,False,False,9984.T,,7139.0,8.182892,2.334356,872.43,3058.231,40684614582272.0,1778653800.0,1785997800.0,1785997800.0,True,,,True,1785997800.0,2026-08-06,38.0
6,True,46.69926650366748,False,False,True,False,0.36377181402186537,18395.0,18395.0,71122353925.0,71122.353925,19450.0,0.9457583547557841,-0.26697157181146514,1.0014756187266904,1333.346922613711,7.248420345820664,-0.05424164524421593,-0.05424164524421593,25.95098526848371,28.885048108881755,24.98312203854774,,0,ext_dev200,False,False,False,False,False,True,False,False,False,4004.T,,18395.0,114.233376,4.689088,161.03,3922.938,3329191837696.0,1778653800.0,1785997800.0,1785997800.0,True,,,True,1785997800.0,2026-08-06,38.0
6,True,48.54014598540146,True,False,True,True,0.3860507184084188,1907.0,1907.0,29243524117.5,29243.5241175,2245.78662109375,0.8491456766588301,-0.18692186388095244,0.0067187919805482554,45.6316140270857,2.3928481398576666,-0.037111840444332245,-0.09589082638011381,28.02485538422153,22.975031544378304,27.113232451583354,,1,di_bear,False,False,False,False,False,False,True,False,False,8001.T,,1907.0,14.900765,2.022737,127.98,942.782,13329763401728.0,1777617000.0,1785393000.0,1785393000.0,True,,,True,1785393000.0,2026-07-30,33.0
6,True,47.79080252479711,False,False,False,True,0.35865137862602353,6070.0,6070.0,27591672170.0,27591.67217,6453.0,0.9406477607314427,-0.07817589576547235,0.09359223545853257,120.84856844860262,1.990915460438264,-0.05935223926855726,-0.05935223926855726,14.790742076357478,25.693825371032975,24.318936408168547,,1,macd_sell_like,False,False,True,False,False,False,False,False,False,2914.T,,6070.0,21.597582,2.6376143,281.05,2301.322,10775717478400.0,1778221800.0,1785393000.0,1785393000.0,True,,,True,1785393000.0,2026-07-30,33.0
6,True,54.57697642163662,True,False,True,False,0.3579707054365869,26630.0,26630.0,27342678275.0,27342.678275,30030.0,0.8867798867798867,-0.23656880416958992,0.07139605708144714,790.6430424427265,2.9689937756016764,-0.03146026550281866,-0.11322011322011327,14.292111116683115,27.018388945079842,24.095992299246273,,0,,False,False,False,False,False,False,False,False,False,7741.T,,26630.0,35.74305,8.754941,745.04,3041.711,8908120784896.0,1785479400.0,1785479400.0,1785479400.0,True,,,True,1785479400.0,2026-07-31,34.0
6,True,41.22373300370828,False,False,True,False,0.502615649670943,5060.0,5060.0,25862638330.0,25862.63833,5542.0,0.9130277878022375,-0.2564217824169577,0.19948292971254022,241.85941392723032,4.7798303147673975,-0.07579908675799085,-0.08697221219776252,20.47899859953003,31.642694017419064,18.414918835794378,,0,ext_dev200,False,False,False,False,False,True,False,False,False,2802.T,,5060.0,36.60566,6.2916617,138.23,804.239,4836675813376.0,1778135400.0,1785738600.0,1785738600.0,True,,,True,1785738600.0,2026-08-03,35.0
6,True,57.079053148727105,True,False,True,True,0.3332656478457702,70130.0,70130.0,25187652300.0,25187.6523,84560.0,0.8293519394512772,-0.4030963381977646,0.18223452780857952,3288.69852401736,4.68943180381771,0.0,-0.17064806054872284,25.335386760053176,28.138970276362656,26.22276992748931,,0,ext_dev200,False,False,False,False,False,True,False,False,False,6273.T,,70130.0,26.56389,2.0935016,2640.05,33498.9,4427942461440.0,1778740200.0,1785997800.0,1785997800.0,True,,,True,1785997800.0,2026-08-06,38.0
6,True,36.96763202725724,True,False,True,True,0.4137333596316551,5042.0,5042.0,24553465055.0,24553.465055,6238.0009765625,0.8082717554780561,-0.23132426268994866,0.0761202182754328,178.25702059288014,3.5354426932344336,-0.09202233027192508,-0.17600915182219312,24.869833053625243,24.93546137068625,28.51554654391298,,2,trailing_stop;di_bear,False,False,False,False,True,False,True,False,False,8002.T,,5042.0,15.269996,1.89316,330.19,2663.272,8243686408192.0,1777617000.0,1785393000.0,1785393000.0,True,,,True,1785393000.0,2026-07-30,33.0
6,True,51.38339920948616,True,False,True,False,0.5928935061321606,5088.0,5088.0,22302770515.0,22302.770515,5890.0,0.8638370118845501,-0.19388794567062817,0.04276758804830094,109.56290207926715,2.153358924513898,-0.03177925784966695,-0.1361629881154499,26.1867895308474,25.42478784295121,25.986992979067384,,1,di_bear,False,False,False,False,False,False,True,False,False,4502.T,,5088.0,42.60236,1.0340407,119.43,4920.503,8038209552384.0,1785393000.0,1785393000.0,1785393000.0,True,,,True,1785393000.0,2026-07-30,33.0
6,True,57.61099365750528,True,False,True,True,0.4652796255243939,4277.0,4277.0,17226463970.0,17226.46397,5280.33544921875,0.8099864186910326,-0.2617893242792506,0.08677721545160977,132.243466595647,3.0919678886052604,0.0,-0.10966902945209644,20.08762141925774,29.759481807271985,23.809941606506683,,0,,False,False,False,False,False,False,False,False,False,8802.T,,4277.0,23.540096,1.9186047,181.69,2229.224,5154045689856.0,1778653800.0,1785997800.0,1785997800.0,True,,,True,1785997800.0,2026-08-06,38.0
6,True,42.07436399217221,True,False,True,False,0.49132453603755666,2152.5,2152.5,15297890537.5,15297.8905375,2657.5,0.8099717779868297,-0.22828092768934383,0.03935918926814441,66.45544306076539,3.087360885517556,-0.07099697885196377,-0.19002822201317027,19.650538605187993,22.061399565611833,28.564935387921057,,0,,False,False,False,False,False,False,False,False,False,4503.T,,2152.5,13.2698345,2.1083078,162.21,1020.961,3856186998784.0,1777271400.0,1777271400.0,1777271400.0,True,,,True,1777271400.0,2026-04-27,-35.0
6,True,47.43049705139006,False,False,True,True,0.2308235026612445,4493.0,4493.0,15161537820.0,15161.53782,4896.0,0.917687908496732,-0.15806836231486332,0.08602570982395896,182.0020523166554,4.05079128236491,-0.0722692545942597,-0.08231209150326801,10.390527248965096,22.180060233389266,18.216799814518343,,0,,False,False,False,False,False,False,False,False,False,7936.T,,4493.0,32.56977,10.068821,137.95,446.229,3185141350400.0,1786689000.0,1786689000.0,1786689000.0,True,,,True,1786689000.0,2026-08-14,44.0
6,True,53.69252206223873,False,False,True,False,0.5492841848466161,4476.0,4476.0,14410513010.0,14410.51301,4994.0,0.8962755306367641,-0.48298577185298286,0.43259491608361134,242.97182140132676,5.428324874917935,-0.10372446936323587,-0.10372446936323587,41.53831556384114,27.619827353208905,19.942670037319367,,1,trailing_stop;ext_dev200,False,False,False,False,True,True,False,False,False,6479.T,,4476.0,18.137613,1.9995542,246.78,2238.499,1797541593088.0,1785911400.0,1785911400.0,1785911400.0,True,,,True,1785911400.0,2026-08-05,37.0
6,True,50.25693730729702,False,False,True,True,0.3688403097893476,3629.0,3629.0,13395820835.0,13395.820835,4016.0,0.9036354581673307,-0.28194476482894115,0.10545529235046791,141.4814195319,3.8986337705125376,-0.06541334020087564,-0.09636454183266929,13.760827424962525,24.2971057080925,18.221996335418638,,0,,False,False,False,False,False,False,False,False,False,7453.T,,3629.0,32.338264,5.2710853,112.22,688.473,1926375800832.0,1783665000.0,1783665000.0,1783665000.0,True,,,True,1783665000.0,2026-07-10,19.0
6,True,54.078694817658345,True,False,False,False,0.4699008065912348,6130.0,6130.0,13365380605.0,13365.380605,7582.04150390625,0.8084893754329673,-0.28897777765756494,0.09306357717929403,256.20111195812495,4.179463490344617,0.0,-0.0669710806697108,13.461657752961958,31.53429002634406,20.825829834301356,,0,,False,False,False,False,False,False,False,False,False,1812.T,,6130.0,16.138374,2.0185192,379.84,3036.88,2850617032704.0,1778740200.0,1785911400.0,1785911400.0,True,,,True,1785911400.0,2026-08-05,37.0
6,True,57.182130584192436,False,False,True,False,0.46379924448315957,2637.0,2637.0,13297630945.0,13297.630945,2812.73681640625,0.9375210594246839,-0.2517892426075774,0.14560546908193972,90.01598993087308,3.4135756515310227,-0.050072046109510104,-0.06247894057531611,21.645049933172587,24.10086268022946,18.40971113404869,,0,,False,False,False,False,False,False,False,False,False,9107.T,,2637.0,12.538037,0.9246302,210.32,2851.951,1667237806080.0,1778221800.0,1785738600.0,1785738600.0,True,,,True,1785738600.0,2026-08-03,35.0
6,False,46.081871345029235,False,False,True,False,0.46638591423270614,3758.0,3758.0,12595796035.0,12595.796035,4422.28857421875,0.8497862445948353,-0.3354655318533829,-0.048809625004480384,133.2152648522223,3.5448447273076713,-0.07369977816120288,-0.07369977816120288,20.00109123845209,29.64082214115418,19.57067283808056,,2,trend_break;macd_sell_like,True,False,True,False,False,False,False,False,False,7701.T,,3758.0,17.960238,1.9213121,209.24,1955.955,1085837344768.0,1778567400.0,1785997800.0,1785997800.0,True,,,True,1785997800.0,2026-08-06,38.0
6,True,43.36991312299954,False,False,True,True,0.2695363567068943,10590.0,10590.0,10805403550.0,10805.40355,11620.0,0.9113597246127366,-0.2348728593668915,0.4862719092104435,651.9675061005665,6.15644481681366,-0.08864027538726338,-0.08864027538726338,20.15001923682566,29.845414857087523,28.379553948312413,,1,trailing_stop;ext_dev200,False,False,False,False,True,True,False,False,False,4186.T,,10590.0,38.048363,3.095463,278.33,3421.136,1269746368512.0,1785997800.0,1785997800.0,1785997800.0,True,,,True,1785997800.0,2026-08-06,38.0
6,True,46.612149532710276,True,False,True,False,0.5394337163408558,3327.0,3327.0,10309943295.0,10309.943295,4362.78173828125,0.7625868538889355,-0.2986126321310061,0.03524537820287077,130.4478692717503,3.9208857610985963,-0.03732638888888884,-0.15321964876558924,20.918850129419944,27.254560681570716,23.477901434155932,,0,,False,False,False,False,False,False,False,False,False,1802.T,,3327.0,13.346972,1.8173922,249.27,1830.645,2287051472896.0,1778653800.0,1786084200.0,1786084200.0,True,,,True,1786084200.0,2026-08-07,39.0
6,True,45.47803617571059,False,False,True,False,0.31772868998317605,6409.0,6409.0,9898597675.0,9898.597675,6604.0,0.9704724409448819,-0.1160961224055832,0.12446863410546061,145.1874312537379,2.2653679396744875,-0.029527559055118058,-0.029527559055118058,27.428423627436466,27.861239021640294,19.286854093220047,,1,macd_sell_like,False,False,True,False,False,False,False,False,False,9735.T,,6409.0,23.189926,1.9719126,276.37,3250.144,2583865851904.0,1786084200.0,1786084200.0,1786084200.0,True,,,True,1786084200.0,2026-08-07,39.0
6,True,52.02879581151833,False,False,True,True,0.43805033720140973,7448.0,7448.0,7886846360.0,7886.84636,7929.0,0.9393366124353638,-0.20205783218023776,0.5451476118893575,386.2625963108377,5.1861250847319775,-0.060663387564636184,-0.060663387564636184,27.172351752027144,27.39089782071162,24.879663572659773,,0,ext_dev200,False,False,False,False,False,True,False,False,False,6481.T,,7448.0,82.893715,3.301856,89.85,2255.701,834725740544.0,1778481000.0,1785997800.0,1785997800.0,True,,,True,1785997800.0,2026-08-06,38.0
6,True,58.46470185058259,True,False,True,True,0.23491926142193392,5162.0,5162.0,7352848810.0,7352.84881,6188.3056640625,0.8341540124589206,-0.24050293325127337,0.05071493037734798,227.6223460831674,4.409576638573565,-0.03514018691588783,-0.09975584234391355,11.54547168723026,26.92071141238575,25.520222604498283,,0,,False,False,False,False,False,False,False,False,False,6841.T,,5162.0,22.60664,2.5281663,228.34,2041.796,1303265804288.0,1778135400.0,1785825000.0,1785825000.0,True,,,True,1785825000.0,2026-08-04,36.0
6,True,44.13483146067416,False,False,True,False,0.2689154478459585,6342.0,6342.0,7113606245.0,7113.606245,7346.0,0.8633269806697522,-0.21794173699972774,0.18815151428327326,273.98492295431936,4.320165924855241,-0.03952748750567925,-0.13667301933024778,18.097043338318453,29.375585514285753,26.0968793036972,,0,ext_dev200,False,False,False,False,False,True,False,False,False,1942.T,,6342.0,25.138735,3.2340412,252.28,1961.014,1262146420736.0,1777357800.0,1777357800.0,1777357800.0,True,,,True,1777357800.0,2026-04-28,-34.0
6,True,49.83888292158969,False,False,True,False,0.44439917113972566,4530.0,4530.0,6345295090.0,6345.29509,4945.0,0.916076845298281,-0.1609169974323581,0.05293819144236056,115.14549884569645,2.5418432416268533,-0.08392315470171896,-0.08392315470171896,14.343405818163413,29.114411361830157,26.831243281046792,,1,trailing_stop,False,False,False,False,True,False,False,False,False,9042.T,,4530.0,13.714806,0.973456,330.3,4653.523,1073043275776.0,1778826600.0,1785393000.0,1785393000.0,True,,,True,1785393000.0,2026-07-30,33.0
6,True,61.3682092555332,True,False,True,False,0.5137473946437371,1739.5,1739.5,6299701635.0,6299.701635,2070.5,0.8401352330354986,-0.21202608065684614,0.005757034898905111,34.621925528998844,1.990337771141066,-0.005431675242996037,-0.0989380989380989,24.418167971883204,28.76192405781643,23.465642595115234,,0,,False,False,False,False,False,False,False,False,False,3003.T,,1739.5,11.561212,1.4530574,150.46,1197.131,1320836661248.0,1785220200.0,1785220200.0,1785220200.0,True,,,True,1785220200.0,2026-07-28,31.0
6,True,51.99556541019956,False,False,True,False,0.40825506603718587,6318.0,6318.0,6234939240.0,6234.93924,7495.0,0.8429619746497665,-0.2454032673935811,0.38040461406942816,362.07403872917695,5.730833154941072,-0.15703802535023348,-0.15703802535023348,20.262441365583392,24.928553035431282,24.87741644055915,,2,macd_sell_like;trailing_stop;ext_dev200,False,False,True,False,True,True,False,False,False,6674.T,,6318.0,20.148611,1.6059741,313.57,3934.061,633818447872.0,1778653800.0,1785911400.0,1785911400.0,True,,,True,1785911400.0,2026-08-05,37.0
6,True,58.185404339250496,True,False,True,True,0.4931453803935487,1349.0,1349.0,5181133992.5,5181.1339925,1551.80029296875,0.8693128916860993,-0.18578440426583664,0.01163339156162202,33.92906289133593,2.5151269748951766,-0.0003705075954056891,-0.046979865771812124,15.719901948491504,29.819907727442736,26.215118629598173,,0,,False,False,False,False,False,False,False,False,False,3289.T,,1349.0,9.95572,1.0705924,135.5,1260.05,961478459392.0,1785997800.0,1785997800.0,1785997800.0,True,,,True,1785997800.0,2026-08-06,38.0
6,True,46.61095636025998,False,False,False,True,0.46172429017329675,2185.5,2185.5,5093948837.5,5093.9488375,2353.532470703125,0.9286041417338403,-0.30474294565771,0.11691705172140598,78.12059627079452,3.5744953681443383,-0.01642664266426641,-0.01642664266426641,12.682997976082417,38.36817354311533,22.60273891079145,,0,,False,False,False,False,False,False,False,False,False,4183.T,,2185.5,23.840952,0.9303294,91.67,2349.168,790055419904.0,1785738600.0,1785738600.0,1785738600.0,True,,,True,1785738600.0,2026-08-03,35.0
6,True,53.99923459624953,False,False,True,False,0.3651641323508456,5100.0,5100.0,5027894815.0,5027.894815,5622.0,0.9071504802561366,-0.20233892876766912,0.28418419354204705,277.04404984441396,5.4322362714590975,-0.09284951974386335,-0.09284951974386335,21.21411550972541,35.10520123662985,28.295981878674493,,1,trailing_stop;ext_dev200,False,False,False,False,True,True,False,False,False,4043.T,,5100.0,16.516079,1.296149,308.79,3934.733,366922924032.0,1777357800.0,1785220200.0,1785220200.0,True,,,True,1785220200.0,2026-07-28,31.0
6,True,61.023622047244096,True,False,True,True,0.47829455134579557,1564.5,1564.5,4484091007.5,4484.0910075,1741.094482421875,0.8985727172162243,-0.19332350186629144,0.051877384587151854,53.97331736389857,3.449876469408666,-0.0022321428571429047,-0.06317365269461073,18.847337408740348,33.80035697664764,24.142263745507115,,0,,False,False,False,False,False,False,False,False,False,7181.T,,1564.5,10.254982,0.40815195,152.56,3833.131,1695311593472.0,1778826600.0,1786084200.0,1786084200.0,True,,,True,1786084200.0,2026-08-07,39.0
6,True,50.10073875083948,True,False,True,True,0.4109644512277043,5705.0,5705.0,4442975555.0,4442.975555,5953.61376953125,0.9582415354513626,-0.21452587833870562,0.12932887301022977,171.20356464336933,3.0009389069828103,-0.001924422673198034,-0.035502958579881616,11.456959985118345,28.887703015348322,18.70788485855778,,0,,False,False,False,False,False,False,False,False,False,6586.T,,5705.0,19.028719,1.4781888,299.81,3859.453,1469926473728.0,1785306600.0,1785306600.0,1785306600.0,True,,,True,1785306600.0,2026-07-29,32.0
6,True,46.478873239436616,False,False,True,True,0.28476219692242577,16245.0,16245.0,4216696775.0,4216.696775,18905.0,0.8592964824120602,-0.24570219518645864,0.15295371309138095,869.898578228185,5.354869672072545,-0.027827648114901238,-0.14070351758793975,13.369505269472858,27.670832449555192,25.939456202647488,,0,,False,False,False,False,False,False,False,False,False,6368.T,,16245.0,26.328585,5.2251205,617.01,3109.019,746983260160.0,1778653800.0,1785825000.0,1785825000.0,True,,,True,1785825000.0,2026-08-04,36.0
6,True,42.297650130548305,False,False,True,True,0.41845956649274135,3554.0,3554.0,4036232000.0,4036.232,3820.0,0.9303664921465968,-0.19351958462237662,0.1996158798898946,124.609783457247,3.5061841152855093,-0.06963350785340316,-0.06963350785340316,25.335178842535743,24.175489177404163,23.510852633147703,,1,macd_sell_like;ext_dev200,False,False,True,False,False,True,False,False,False,7747.T,,3554.0,53.427544,5.6732473,66.52,626.449,942962638848.0,1786689000.0,1786689000.0,1786689000.0,True,,,True,1786689000.0,2026-08-14,44.0
6,True,44.14414414414414,False,False,True,True,0.27857401773490337,2107.0,2107.0,4024537717.5,4024.5377175,2366.5,0.8903443904500317,-0.175918794757721,0.04584641594486594,92.32435554218605,4.381791909928147,-0.05430879712746861,-0.10965560954996834,22.66141713341904,16.737408683385603,25.95809516931029,,1,di_bear,False,False,False,False,False,False,True,False,False,6770.T,,2107.0,15.642168,0.91860795,134.7,2293.688,411106476032.0,1777530600.0,1785393000.0,1785393000.0,True,,,True,1785393000.0,2026-07-30,33.0
6,True,50.18508725542041,False,False,True,True,0.420862023972613,6793.0,6793.0,3751316525.0,3751.316525,6900.0,0.9844927536231884,-0.1936782117420709,0.2754886489412882,266.1440787827195,3.9179166610145657,-0.015507246376811556,-0.015507246376811556,23.96472902395403,33.861150448808,24.17175959372429,,0,ext_dev200,False,False,False,False,False,True,False,False,False,4203.T,,6793.0,21.26401,1.7166231,319.46,3957.188,595987464192.0,1778481000.0,1785738600.0,1785738600.0,True,,,True,1785738600.0,2026-08-03,35.0
6,True,40.58956916099773,False,True,False,False,0.4459330089644813,4565.0,4565.0,3729269725.0,3729.269725,5130.0,0.8898635477582846,-0.5696000003227788,0.3335587040962795,323.26736916919714,7.08143196427595,-0.11013645224171542,-0.11013645224171542,23.416254136642795,31.783488854738977,24.236153535865014,,1,trailing_stop;ext_dev200,False,False,False,False,True,True,False,False,False,6254.T,,4565.0,46.345177,4.3764706,98.5,1043.078,174788296704.0,,1747290600.0,1747290600.0,True,,,True,1747290600.0,2025-05-15,-282.0
6,True,86.59217877094972,True,False,False,False,0.49579056709551644,2437.5,2437.5,3610899512.5,3610.8995125,2726.74951171875,0.8939214949977464,-0.22618488022759187,0.03796278881258064,70.84926941929218,2.9066366941248076,0.0,-0.05578152237071465,20.994671715983976,35.30154079253691,17.906819256569992,,1,rsi_reversal,False,False,False,True,False,False,False,False,False,3086.T,,2437.5,21.612875,1.4584019,112.78,1671.35,602487193600.0,1782801000.0,1782801000.0,1782801000.0,True,,,True,1782801000.0,2026-06-30,11.0
6,True,50.890207715133535,False,False,True,True,0.33694870704414287,2680.0,2680.0,3318597802.5,3318.5978025,2760.5,0.9708386161927187,-0.43974779741456727,0.08109976399225038,64.95217088278191,2.4235884657754445,-0.029161383807281283,-0.029161383807281283,9.616741438052117,20.211622245363575,19.1799497071977,,0,,False,False,False,False,False,False,False,False,False,2432.T,,2680.0,15.680767,1.2371838,170.91,2166.21,261791825920.0,1778567400.0,1785997800.0,1785997800.0,True,,,True,1785997800.0,2026-08-06,38.0
6,True,53.53773584905661,True,False,True,True,0.2859185345520029,2790.5,2790.5,3313031735.0,3313.031735,2864.488525390625,0.9741704235381654,-0.22559236150808204,0.12877882684703046,72.1254486681985,2.584678325325157,-0.0010739216037228827,-0.0010739216037228827,11.173401226431956,27.85711888743463,20.894638752397675,,0,,False,False,False,False,False,False,False,False,False,8304.T,,2790.5,15.040694,0.804583,185.53,3468.256,386152366080.0,1778740200.0,1785393000.0,1785393000.0,True,,,True,1785393000.0,2026-07-30,33.0
6,True,65.85365853658537,True,False,True,True,0.27424571951397086,4304.0,4304.0,3233226310.0,3233.22631,4644.06396484375,0.9267744872986065,-0.15630220576229126,0.06689020489354425,112.53711376863467,2.6147098923939285,-0.014200641319285334,-0.037997317836388045,15.948948281661286,31.371537470466315,17.472410997436942,,0,,False,False,False,False,False,False,False,False,False,8253.T,,4304.0,9.974739,0.8115972,431.49,5303.123,618158751744.0,1786516200.0,1786516200.0,1786516200.0,True,,,True,1786516200.0,2026-08-12,42.0
6,True,48.98148148148148,False,False,True,True,0.3350707466015433,2645.5,2645.5,3211538177.5,3211.5381775,3087.0,0.8569808875931325,-0.3088608494516356,0.0495594190607922,81.49330616306979,3.0804500534140913,-0.05887584489505515,-0.1430191124068675,12.054590810061736,18.155566465247823,21.225428813415583,,0,,False,False,False,False,False,False,False,False,False,2267.T,,2645.5,17.55591,1.2747684,150.69,2075.279,763692449792.0,1778567400.0,1785220200.0,1785220200.0,True,,,True,1785220200.0,2026-07-28,31.0
6,True,51.88866799204772,False,False,True,True,0.42926595680066526,3543.0,3543.0,2813339180.0,2813.33918,3649.0,0.9709509454645108,-0.2840990381960228,0.12250189747421625,77.08536718987139,2.175708924354259,-0.029049054535489227,-0.029049054535489227,21.688549574310457,24.025303111258186,18.50109487790094,,2,cross_sma25_down;macd_sell_like,False,True,True,False,False,False,False,False,False,9041.T,,3543.0,12.52386,1.1013572,282.9,3216.94,673695531008.0,1778826600.0,1786084200.0,1786084200.0,True,,,True,1786084200.0,2026-08-07,39.0
6,True,47.379912663755455,False,False,False,False,0.36187808855541304,1206.0,1206.0,2798859490.0,2798.85949,1387.723876953125,0.869048965740853,-0.21654242866570128,0.18550318750334327,52.22371846628893,4.330324914285981,-0.0462633451957295,-0.12545322697606964,14.875624870282227,31.58824299273147,31.16636420891301,,0,ext_dev200,False,False,False,False,False,True,False,False,False,6471.T,,1206.0,25.946644,0.8781888,46.48,1373.281,590121140224.0,1778567400.0,1785393000.0,1785393000.0,True,,,True,1785393000.0,2026-07-30,33.0
6,True,53.676470588235304,True,False,True,True,0.41019919087903284,1682.5,1682.5,2345465542.5,2345.4655425,1986.6951904296875,0.8468838139363012,-0.3453651600725328,0.014793051794942391,42.20460091582642,2.5084458196627883,-0.033045977011494254,-0.11957090528519099,15.564833600288766,26.560116997207217,21.91394868862754,,0,,False,False,False,False,False,False,False,False,False,9508.T,,1682.5,5.345852,0.6668807,314.73,2522.94,795457290240.0,1777530600.0,1785393000.0,1785393000.0,True,,,True,1785393000.0,2026-07-30,33.0
6,True,38.693467336683426,False,False,True,True,0.3246264551111837,7200.0,7200.0,2258487750.0,2258.48775,8150.0,0.8834355828220859,-0.20684526661157554,0.11122172301555278,296.7369221226811,4.121346140592793,-0.1165644171779141,-0.1165644171779141,18.76047980671112,22.986500223520476,24.40345013675055,,2,macd_sell_like;trailing_stop,False,False,True,False,True,False,False,False,False,7564.T,,7200.0,28.50582,3.8292048,252.58,1880.286,587614519296.0,1778481000.0,1785738600.0,1785738600.0,True,,,True,1785738600.0,2026-08-03,35.0
6,True,56.82326621923937,True,False,True,True,0.2211563018962477,1119.5,1119.5,2247702075.0,2247.702075,1215.5,0.9210201563142739,-0.2534060968224099,0.03574202291329298,31.694322137448406,2.8311140810583657,-0.03157439446366783,-0.07897984368572608,15.86178462860044,20.759197396112476,26.174961995537256,,0,,False,False,False,False,False,False,False,False,False,7951.T,,1119.5,21.242884,1.0295134,52.7,1087.407,492464635904.0,1778481000.0,1785479400.0,1785479400.0,True,,,True,1785479400.0,2026-07-31,34.0
6,True,38.775510204081634,False,False,True,True,0.4644333939535752,1447.0,1447.0,2152020785.0,2152.020785,1510.0,0.9582781456953643,-0.1552023779559647,0.1372366979913593,36.16071731117302,2.4990129447942655,-0.04172185430463571,-0.04172185430463571,15.824397156122046,20.931350152310927,24.18658788225177,,0,,False,False,False,False,False,False,False,False,False,9301.T,,1447.0,9.285165,1.311671,155.84,1103.173,494537605120.0,1785479400.0,1785479400.0,1785479400.0,True,,,True,1785479400.0,2026-07-31,34.0
6,True,45.39473684210527,False,False,True,True,0.2225007310920886,1902.5,1902.5,2146549827.5,2146.5498275,1956.0,0.9726482617586912,-0.19551339252453892,0.14303655409635563,57.11322196438378,3.0020090388637994,-0.027351738241308765,-0.027351738241308765,27.308979302929856,30.38777751217166,18.495144200588403,,1,macd_sell_like,False,False,True,False,False,False,False,False,False,4536.T,,1902.5,16.70765,2.060662,113.87,923.247,611996467200.0,1785997800.0,1785997800.0,1785997800.0,True,,,True,1785997800.0,2026-08-06,38.0
6,True,67.84313725490196,True,False,True,False,0.3646745657929547,12310.0,12310.0,2007179750.0,2007.17975,12795.326171875,0.9620700429707075,-0.1177151617678156,0.13773964927649773,363.23208337114875,2.9507074197493806,0.0,-0.012038523274478297,23.7109026227448,28.25085228912553,20.18487273863553,,0,,False,False,False,False,False,False,False,False,False,5444.T,,12310.0,12.020076,1.3577536,1024.12,9066.446,735189598208.0,1777530600.0,1785393000.0,1785393000.0,True,,,True,1785393000.0,2026-07-30,33.0
6,True,47.30769230769231,True,False,True,True,0.4577809353686432,1558.5,1558.5,1967630595.0,1967.630595,1885.0,0.826790450928382,-0.21777188328912467,0.07264480000267426,40.729453767717175,2.613375281855449,-0.020427404148334327,-0.09045812664137731,10.615629240545886,22.527985440477305,21.68959161855827,,0,,False,False,False,False,False,False,False,False,False,6592.T,,1558.5,14.719494,1.1325716,105.88,1376.072,382819532800.0,1777357800.0,1777357800.0,1777357800.0,True,,,True,1777357800.0,2026-04-28,-34.0
6,True,51.790633608815426,False,False,True,True,0.15907628399697835,1667.0,1667.0,1967315330.0,1967.31533,1894.0,0.8801478352692714,-0.2517794857143434,0.033678425818624014,54.95219713167612,3.2964725333938882,-0.015357353809805074,-0.11985216473072857,18.254814296855596,24.195282403118878,21.91598551413515,,0,,False,False,False,False,False,False,False,False,False,2501.T,,1667.0,43.119503,3.0237126,38.66,551.309,649865920512.0,1778740200.0,1785997800.0,1785997800.0,True,,,True,1785997800.0,2026-08-06,38.0
6,True,50.962278495049055,False,False,True,True,0.4932635110226636,436.20001220703125,436.20001220703125,1940216113.1636047,1940.2161131636046,479.3999938964844,0.9098873962464397,-0.3508457955189198,0.2038351079740679,18.574223201380597,4.258189518932158,-0.03729859560545534,-0.09011260375356034,20.151943234641976,29.90511315986943,25.265346572817577,,0,ext_dev200,False,False,False,False,False,True,False,False,False,6472.T,,436.2,18.625107,0.87345517,23.42,499.396,259323658240.0,1778740200.0,1785825000.0,1785825000.0,True,,,True,1785825000.0,2026-08-04,36.0
6,True,54.385964912280706,False,False,True,False,0.4454987681211701,3979.0,3979.0,1795573135.0,1795.573135,4344.0,0.9159760589318601,-0.2218283591198107,0.1015082256346318,132.51031030380372,3.330241525604517,-0.08402394106813993,-0.08402394106813993,26.338854479174735,31.656017688081317,15.043439737552042,,1,trailing_stop,False,False,False,False,True,False,False,False,False,5901.T,,3979.0,11.008742,0.8575675,361.44,4639.868,599178870784.0,1778740200.0,1785911400.0,1785911400.0,True,,,True,1785911400.0,2026-08-05,37.0
6,True,40.811724915445325,False,False,False,True,0.3579673379875109,2735.5,2735.5,1766056642.5,1766.0566425,2992.0,0.9142713903743316,-0.12295360520521847,0.08401316361156663,77.16583143860004,2.8209040920709207,-0.048356235867107356,-0.08572860962566842,11.250625015922227,20.281727707841025,26.992630203475958,,1,macd_sell_like,False,False,True,False,False,False,False,False,False,1951.T,,2735.5,18.124296,1.6317267,150.93,1676.445,557021659136.0,1778653800.0,1786084200.0,1786084200.0,True,,,True,1786084200.0,2026-08-07,39.0
6,True,54.10726408689749,True,True,False,False,0.37541286704567195,6013.0,6013.0,1720601060.0,1720.60106,6291.68994140625,0.9557050738352246,-0.1301812495881961,0.06564031487871458,197.00687827551118,3.276349214626828,0.0,0.0,14.989228309967775,23.343955508300187,16.117855218708463,,0,,False,False,False,False,False,False,False,False,False,9401.T,,6013.0,22.013546,0.83610344,273.15,7191.694,943048818688.0,1778740200.0,1785997800.0,1785997800.0,True,,,True,1785997800.0,2026-08-06,38.0
6,True,54.651162790697676,False,False,True,False,0.5089157135441554,6990.0,6990.0,1708648400.0,1708.6484,7650.0,0.9137254901960784,-0.2682625151660982,0.6338206829797399,463.58349157211,6.63209573064535,-0.0862745098039216,-0.0862745098039216,27.553491611660274,27.575424790747554,27.263486845803907,,1,trailing_stop;ext_dev200,False,False,False,False,True,True,False,False,False,3445.T,,6990.0,19.982847,2.192268,349.8,3188.479,185907838976.0,,1754550000.0,1754982000.0,True,,,True,1754550000.0,2025-08-07,-222.0
6,True,53.389830508474574,False,False,True,True,0.45129752613700636,1821.5,1821.5,1570228840.0,1570.22884,1909.5,0.9539146373396177,-0.18692585030715292,0.06676873403141825,37.426908389847384,2.054730079047345,-0.04608536266038232,-0.04608536266038232,15.01549623549175,19.17977750376895,20.28695181154461,,1,macd_sell_like,False,False,True,False,False,False,False,False,False,9048.T,,1821.5,17.509373,0.73650354,104.03,2473.172,357251284992.0,1778826600.0,1785997800.0,1785997800.0,True,,,True,1785997800.0,2026-08-06,38.0
6,True,54.50657400087247,False,False,True,False,0.41024672873005713,3490.0,3490.0,1437387870.0,1437.38787,3524.86279296875,0.9901094609871645,-0.18201374828039163,0.3837596911564458,120.34833681715368,3.4483764130989596,0.0,-0.009890539012835542,22.569630798539606,24.3021536244677,21.503610602323015,,0,ext_dev200,False,False,False,False,False,True,False,False,False,6136.T,,3490.0,22.84779,1.5721931,152.75,2219.829,286698864640.0,1783665000.0,1783665000.0,1783665000.0,True,,,True,1783665000.0,2026-07-10,19.0
6,True,40.57971014492753,False,False,True,True,0.39943195776808865,1363.0,1363.0,1421816125.0,1421.816125,1441.0,0.9458709229701596,-0.23446557533084833,0.279157132055432,59.900302182570655,4.394739705250965,-0.05412907702984038,-0.05412907702984038,27.437221156789658,31.807412575507794,19.250250421477563,,0,ext_dev200,False,False,False,False,False,True,False,False,False,7004.T,,1363.0,20.579796,1.1650748,66.23,1169.882,229298274304.0,1778567400.0,1785911400.0,1785911400.0,True,,,True,1785911400.0,2026-08-05,37.0
6,True,53.88471177944862,False,False,True,False,0.4349709150020852,2670.5,2670.5,1291210035.0,1291.210035,2762.5,0.9666968325791855,-0.10707950612336059,0.1371950809251108,51.6739344863412,1.9349909936843739,-0.03330316742081452,-0.03330316742081452,22.888337617831315,28.6336409700158,24.037522155912416,,1,macd_sell_like,False,False,True,False,False,False,False,False,False,9076.T,,2670.5,18.357737,0.93031305,145.47,2870.539,433549312000.0,1778740200.0,1785997800.0,1785997800.0,True,,,True,1785997800.0,2026-08-06,38.0
6,True,44.801512287334596,False,False,True,True,0.1516746908662987,3190.0,3190.0,1241996685.0,1241.996685,3478.355224609375,0.9171001217560355,-0.29162100227890253,0.039477599880793024,80.95469220163318,2.5377646458192222,-0.047761194029850795,-0.07402031930333819,22.394867978458944,20.21472938900667,22.349004790813517,,1,di_bear,False,False,False,False,False,False,True,False,False,6005.T,,3190.0,13.37358,1.51804,238.53,2101.394,369122279424.0,1778740200.0,1785997800.0,1785997800.0,True,,,True,1785997800.0,2026-08-06,38.0
6,True,66.01503759398497,True,False,True,True,0.679738305602675,2115.5,2115.5,1222434367.5,1222.4343675,2476.861328125,0.8541051434645505,-0.19212271705385708,0.052250224483283425,44.630739200217015,2.109701687554574,0.0,-0.10417533793388645,20.814792237995203,34.947913606829076,21.380687013428883,,0,,False,False,False,False,False,False,False,False,False,4114.T,,2115.5,18.854725,0.788051,112.2,2684.471,312579686400.0,1786084200.0,1786084200.0,1786084200.0,True,,,True,1786084200.0,2026-08-07,39.0
6,True,44.58077709611452,False,False,True,False,0.3748767987514931,1759.0,1759.0,1143702100.0,1143.7021,1893.0,0.9292128895932382,-0.19260161349384763,0.19097295858615815,53.89551493949812,3.0639860681920474,-0.07078711040676178,-0.07078711040676178,20.188585291804483,27.626788305716723,20.788824878332925,,0,ext_dev200,False,False,False,False,False,True,False,False,False,8078.T,,1759.0,8.42877,0.8004099,208.69,2197.624,341398650880.0,1786084200.0,1786084200.0,1786084200.0,True,,,True,1786084200.0,2026-08-07,39.0
6,True,50.94848901003979,False,False,True,False,0.42704106597342584,5700.0,5700.0,1131172600.0,1131.1726,6040.0,0.9437086092715232,-0.3976917226033029,0.43083068350396947,288.815781031948,5.066943526876281,-0.056291390728476776,-0.056291390728476776,31.3635264825454,28.773517010940235,23.183599433012386,,0,ext_dev200,False,False,False,False,False,True,False,False,False,4187.T,,5700.0,16.93908,2.2315547,336.5,2554.273,115922452480.0,,1752041400.0,1752473400.0,True,,,True,1752041400.0,2025-07-09,-243.0
6,True,43.00518134715026,True,False,True,True,0.3712116764147587,1366.0,1366.0,1115565890.0,1115.56589,1674.0,0.8160095579450418,-0.20908004778972522,0.302363194165739,50.43547573300533,3.6922017374088822,-0.07951482479784366,-0.18399044205495818,17.55640962742884,24.285504907073523,26.156171864644534,,0,ext_dev200,False,False,False,False,False,True,False,False,False,7389.T,,1366.0,15.255752,0.7724955,89.54,1768.295,332930121728.0,1786689000.0,1786689000.0,1786689000.0,True,,,True,1786689000.0,2026-08-14,44.0
6,True,47.142857142857146,False,False,True,True,0.39621833302247716,3882.0,3882.0,1110279350.0,1110.27935,4181.0,0.9284860081320259,-0.15225742737399128,0.13020317111862,104.59723840608054,2.6944162392086692,-0.01920161697827183,-0.07151399186797414,28.57322661111928,15.424678603860475,27.536145925797417,,1,di_bear,False,False,False,False,False,False,True,False,False,1417.T,,3882.0,14.830946,1.2317553,261.75,3151.6,342793814016.0,1778567400.0,1786516200.0,1786516200.0,True,,,True,1786516200.0,2026-08-12,42.0
6,True,45.26315789473684,False,False,True,True,0.5061837591280746,5830.0,5830.0,1067125800.0,1067.1258,6240.0,0.9342948717948718,-0.15050502576710734,0.06086392693322451,132.28488208801375,2.2690374286108703,-0.0657051282051282,-0.0657051282051282,12.614170667991184,22.649941516487207,27.666526212958985,,1,macd_sell_like,False,False,True,False,False,False,False,False,False,7278.T,,5830.0,15.579071,1.1054099,374.22,5274.062,211936051200.0,1777271400.0,1784788200.0,1784788200.0,True,,,True,1784788200.0,2026-07-23,28.0
6,True,45.67901234567901,True,False,False,False,0.4916125047570529,4125.0,4125.0,1034648375.0,1034.648375,6526.50341796875,0.6320382808109871,-0.4522334899638112,0.045811962296744335,187.2924552183601,4.540423156808729,-0.03282532239155922,-0.15557635961651894,22.6462711016555,33.075737093896315,27.308387633646987,,0,,False,False,False,False,False,False,False,False,False,5715.T,,4125.0,10.466621,0.9091177,394.11,4537.366,133780979712.0,1786602600.0,1786602600.0,1786602600.0,True,,,True,1786602600.0,2026-08-13,43.0
6,True,51.838235294117645,True,False,True,False,0.429724448238733,3840.0,3840.0,1014395425.0,1014.395425,3845.0,0.9986996098829649,-0.2383231237130553,0.21955262786614616,172.18908296384873,4.484090702183561,0.0,-0.0013003901170350884,25.832600800348583,30.819277257497713,12.655789289306728,,0,ext_dev200,False,False,False,False,False,True,False,False,False,6331.T,,3840.0,11.593152,1.9469733,331.23,1972.292,87479386112.0,,1753772400.0,1754290800.0,True,,,True,1753772400.0,2025-07-29,-229.0
6,True,53.06989825700599,False,False,True,True,0.31177536561026814,4175.0,4175.0,976786975.0,976.786975,4576.05224609375,0.9123584643431246,-0.12770558982815916,0.038799636913989355,73.25877716439959,1.754701249446697,-0.008313539192399078,-0.08764153565687538,13.048165624627746,15.817940251112091,13.43311476836456,,0,,False,False,False,False,False,False,False,False,False,1377.T,,4175.0,15.612144,1.0194384,267.42,4095.392,176434233344.0,1783924200.0,1783924200.0,1783924200.0,True,,,True,1783924200.0,2026-07-13,20.0
6,True,46.71968190854871,False,False,True,True,0.5421239011317024,12380.0,12380.0,971920050.0,971.92005,13270.0,0.93293142426526,-0.37554300169623833,0.6561879162812341,667.0451369150819,5.388086727908577,-0.06706857573474001,-0.06706857573474001,37.044084723001184,24.917374017913556,17.847564003666676,,1,ext_dev200;natr_spike,False,False,False,False,False,True,False,False,True,6866.T,,12380.0,30.699797,3.8288665,403.26,3233.333,165959499776.0,,1752472800.0,1752818400.0,True,,,True,1752472800.0,2025-07-14,-240.0
6,True,43.96551724137931,True,False,True,True,0.21987246987518405,5980.0,5980.0,899791000.0,899.791,6220.0,0.9614147909967846,-0.1573770414225516,0.27681837192326997,222.99729991340712,3.7290518380168414,-0.03858520900321538,-0.03858520900321538,11.304431753961705,29.15247390681646,22.420430896707618,,0,ext_dev200,False,False,False,False,False,True,False,False,False,8522.T,,5980.0,14.51703,0.93726397,411.93,6380.273,294198050816.0,1778567400.0,1785997800.0,1785997800.0,True,,,True,1785997800.0,2026-08-06,38.0
6,True,47.43589743589743,False,False,True,True,0.4256352800586636,4115.0,4115.0,888643725.0,888.643725,4380.0,0.9394977168949772,-0.41554267842898085,0.2566121916435,193.559306644647,4.703749857707096,-0.02833530106257376,-0.060502283105022814,26.967946592532446,28.62171872707285,20.554469571885363,,0,ext_dev200,False,False,False,False,False,True,False,False,False,2760.T,,4115.0,15.473997,2.2939026,265.93,1793.886,121184608256.0,,1753770600.0,1754289000.0,True,,,True,1753770600.0,2025-07-29,-229.0
6,True,40.21739130434783,False,False,True,True,0.3862818114850274,948.0,948.0,881538950.0,881.53895,985.0,0.9624365482233502,-0.178663240580195,0.11167431755447677,19.123281856584608,2.0172238245342413,-0.03265306122448974,-0.03756345177664977,17.07828290668749,22.763387993374202,24.767132605301295,,0,,False,False,False,False,False,False,False,False,False,8628.T,,948.0,15.805268,2.7033653,59.98,350.674,244199866368.0,1777271400.0,1777271400.0,1777271400.0,True,,,True,1777271400.0,2026-04-27,-35.0
6,True,47.027972027972034,False,False,True,True,0.3272926622359048,3998.0,3998.0,828628635.0,828.628635,4426.0,0.903298689561681,-0.12087663804789883,0.022542733058091402,109.7891151947859,2.7461009303348147,-0.06654214335745967,-0.09670131043831898,8.312339352202772,24.28104140022224,26.251860015624594,,0,,False,False,False,False,False,False,False,False,False,6457.T,,3998.0,14.49286,0.9680687,275.86,4129.872,207226257408.0,1778826600.0,1785997800.0,1785997800.0,True,,,True,1785997800.0,2026-08-06,38.0
6,True,58.33333333333334,True,False,True,True,0.40422765751221895,1332.0,1332.0,817790680.0,817.79068,1532.0,0.8694516971279374,-0.3192432833236908,0.060787954284699186,31.774262816139686,2.385455166376853,-0.01624815361890697,-0.0876712328767123,8.773148600858368,23.97198926971751,21.170460537410747,,0,,False,False,False,False,False,False,False,False,False,7599.T,,1332.0,11.223458,1.5210619,118.68,875.704,133742436352.0,,1752127200.0,1752472800.0,True,,,True,1752127200.0,2025-07-10,-242.0
6,True,37.89907312049433,False,False,False,True,0.44357914856857084,2408.0,2408.0,805578770.0,805.57877,2643.0,0.9110858872493379,-0.15626182368520625,0.3073473119197294,111.79252307999741,4.642546639534776,-0.08891411275066208,-0.08891411275066208,27.7323170114392,28.334329704212553,19.15035979521614,,1,trailing_stop;ext_dev200,False,False,False,False,True,True,False,False,False,1945.T,,2408.0,18.663773,1.1012788,129.02,2186.549,79788752896.0,,1754290800.0,1754636400.0,True,,,True,1754290800.0,2025-08-04,-225.0
6,True,45.138888888888886,False,False,True,False,0.4084558596823617,2546.0,2546.0,757307415.0,757.307415,2653.0,0.9596683000376932,-0.1534172406920492,0.16139126555246341,71.11345469544946,2.7931443321072056,-0.04033169996230679,-0.04033169996230679,37.70730463926745,23.82397654816418,17.007678898081874,,0,,False,False,False,False,False,False,False,False,False,6737.T,,2546.0,14.088871,0.73507017,180.71,3463.615,100653170688.0,,1753772400.0,1754290800.0,True,,,True,1753772400.0,2025-07-29,-229.0
6,True,52.56916996047431,False,False,True,False,0.31847006520771554,1733.0,1733.0,751726882.5,751.7268825,1863.0,0.9302200751476114,-0.14838348385639066,0.03951534422942493,38.24787076673466,2.2070323581497204,-0.03400222965440358,-0.0697799248523886,17.194855154465667,19.739445669984548,22.167872494120076,,1,macd_sell_like,False,False,True,False,False,False,False,False,False,3048.T,,1733.0,15.171145,1.6729382,114.23,1035.902,296780988416.0,1784010600.0,1784010600.0,1784010600.0,True,,,True,1784010600.0,2026-07-14,21.0
6,True,61.4604462474645,True,False,True,False,0.4933729476666527,4311.0,4311.0,732846385.0,732.846385,4562.64013671875,0.9448476914289983,-0.10797260400927322,0.013761765723259156,76.63976886805044,1.7777724163314876,-0.01732391155687263,-0.029709655638082366,17.858775913701116,30.26617662014291,20.408494794168032,,0,,False,False,False,False,False,False,False,False,False,8424.T,,4311.0,18.033884,0.7730588,239.05,5576.549,388858576896.0,1778567400.0,1785393000.0,1785393000.0,True,,,True,1785393000.0,2026-07-30,33.0
6,True,59.13978494623657,True,False,True,True,0.5986772292386053,5800.0,5800.0,657578050.0,657.57805,7188.73291015625,0.8068181239291494,-0.24047811092186977,0.015492734999857039,155.007559682431,2.672544132455707,0.0,-0.11585365853658536,30.34073687347132,23.204035008634104,23.15769636124152,,0,,False,False,False,False,False,False,False,False,False,1833.T,,5800.0,11.33809,1.0565873,511.55,5489.371,208049881088.0,1778826600.0,1785911400.0,1785911400.0,True,,,True,1785911400.0,2026-08-05,37.0
6,True,48.57849196538937,True,False,True,True,0.47628600941849825,2814.0,2814.0,648203320.0,648.20332,3460.0,0.8132947976878613,-0.24700440660187728,0.042034042324190946,118.97582429976194,4.227996599138661,-0.06511627906976747,-0.18670520231213872,25.599782973403816,17.656738660223,27.79219745534953,,1,di_bear,False,False,False,False,False,False,True,False,False,6794.T,,2814.0,12.723245,0.93377095,221.17,3013.587,63224410112.0,,1754460000.0,1754978400.0,True,,,True,1754460000.0,2025-08-06,-223.0
6,True,50.23474178403756,True,False,True,True,0.4139441603916314,3530.0,3530.0,629207250.0,629.20725,4189.1318359375,0.8426566979145953,-0.2432799624959583,0.08012784963687558,146.21235919320935,4.141993178277885,0.0,-0.08311688311688314,11.705605448073706,30.10706520367033,21.26805710869596,,0,,False,False,False,False,False,False,False,False,False,1952.T,,3530.0,13.699693,1.9406673,257.67,1818.962,160433045504.0,,1754541000.0,1754973000.0,True,,,True,1754541000.0,2025-08-07,-222.0
6,True,48.320413436692505,False,False,True,False,0.5188187589151074,2663.0,2663.0,618293775.0,618.293775,2842.0,0.9370161857846587,-0.10485573539760729,0.07176934425668713,54.658321616366386,2.0525092608474047,-0.06298381421534127,-0.06298381421534127,15.503757702688208,26.78783866631203,22.09537020499534,,0,,False,False,False,False,False,False,False,False,False,2001.T,,2663.0,10.364691,0.77941847,256.93,3416.65,220126461952.0,1778567400.0,1785997800.0,1785997800.0,True,,,True,1785997800.0,2026-08-06,38.0
6,True,42.73504273504273,False,False,True,True,0.4159592812464363,4005.0,4005.0,602910700.0,602.9107,4239.23388671875,0.9447461751396662,-0.10597053588530969,0.13028605203280197,99.00392352458381,2.472008078017074,-0.030266343825665842,-0.030266343825665842,11.62948967562631,23.551499922053715,20.16683150970974,,0,,False,False,False,False,False,False,False,False,False,1926.T,,4005.0,2.0303257,1.8963025,1972.59,2112.005,164880531456.0,,1754377200.0,1754982000.0,True,,,True,1754377200.0,2025-08-05,-224.0
6,True,48.12925170068027,False,False,False,True,0.44270468639843435,2555.0,2555.0,595535650.0,595.53565,2693.0,0.9487560341626439,-0.20352564102564108,0.09860041726110436,77.75012261267308,3.043057636503839,-0.05124396583735613,-0.05124396583735613,43.35006650108964,24.758644995093213,17.329884390021142,,1,macd_sell_like,False,False,True,False,False,False,False,False,False,4071.T,,2555.0,27.299927,6.733075,93.59,379.47,108308373504.0,,1747290600.0,1747290600.0,True,,,True,1747290600.0,2025-05-15,-282.0
6,True,51.93370165745857,False,False,True,True,0.32288433071745104,865.0,865.0,592587270.0,592.58727,920.0,0.9402173913043478,-0.24314709215454733,0.09781914016448612,32.47758912716906,3.7546345811756145,-0.05978260869565222,-0.05978260869565222,25.53954831831306,30.497870812330056,19.731875629017477,,1,macd_sell_like,False,False,True,False,False,False,False,False,False,6727.T,,865.0,12.189966,3.1105933,70.96,278.082,115658743808.0,1778567400.0,1785306600.0,1785306600.0,True,,,True,1785306600.0,2026-07-29,32.0
6,True,40.570175438596486,False,False,True,True,0.43970967847783393,2467.0,2467.0,579731800.0,579.7318,2655.0,0.9291902071563088,-0.28196312035595783,0.07867434329848,70.67832608107744,2.8649503883695764,-0.03933021806853587,-0.07080979284369116,11.817945754631623,23.737067791301943,22.39510729920583,,1,macd_sell_like,False,False,True,False,False,False,False,False,False,7606.T,,2467.0,11.143735,1.6171259,221.38,1525.546,68429803520.0,,1754373600.0,1754892000.0,True,,,True,1754373600.0,2025-08-05,-224.0
6,True,58.33333333333333,True,False,True,True,0.40395626163594556,1760.0,1760.0,576370910.0,576.37091,1902.0,0.92534174553102,-0.3069386165368785,0.13342854091569634,49.68683841218937,2.823115818874396,0.0,-0.07465825446898,9.249275651320968,28.210254338623724,19.10434930596985,,0,,False,False,False,False,False,False,False,False,False,5423.T,,1760.0,15.625,0.8159696,112.64,2156.943,179904233472.0,1777012200.0,1784788200.0,1784788200.0,True,,,True,1784788200.0,2026-07-23,28.0
6,True,39.89071038251366,False,False,True,False,0.38078704410577113,3845.0,3845.0,546215325.0,546.215325,4200.0,0.9154761904761904,-0.13554987212276215,0.07030650327276011,133.25422863957883,3.4656496395209055,-0.06561360874848121,-0.08452380952380956,14.49148471531341,23.31818285131737,23.92057344068771,,0,,False,False,False,False,False,False,False,False,False,6929.T,,3845.0,11.839877,1.8097985,324.75,2124.546,79608832000.0,,1753942200.0,1754287800.0,True,,,True,1753942200.0,2025-07-31,-227.0
6,True,45.40337711069419,False,False,True,True,0.38188636072216764,2713.0,2713.0,539249730.0,539.24973,2829.0,0.9589961117002475,-0.11563206012272254,0.10718812829880964,64.34880860228203,2.371869097024771,-0.035549235691432646,-0.041003888299752544,12.107543676852107,24.422328151725875,21.093769778069493,,0,,False,False,False,False,False,False,False,False,False,9934.T,,2713.0,13.164152,1.5429158,206.09,1758.359,304544153600.0,1778826600.0,1785393000.0,1785393000.0,True,,,True,1785393000.0,2026-07-30,33.0
6,True,51.552795031055894,True,False,True,True,0.44352353041045856,2177.0,2177.0,530210580.0,530.21058,2695.0,0.8077922077922078,-0.22152133580705013,0.03486495452117966,85.499100986727,3.9273817632855765,-0.02332884701659932,-0.19220779220779216,16.439750323230697,23.52103035699887,27.01023269398675,,0,,False,False,False,False,False,False,False,False,False,7224.T,,2177.0,12.507181,1.1530873,174.06,1887.975,143994060800.0,,1753858800.0,1754290800.0,True,,,True,1753858800.0,2025-07-30,-228.0
6,True,46.92737430167598,True,False,True,True,0.4756513249418404,2751.0,2751.0,523131505.0,523.131505,3115.0,0.8831460674157303,-0.19297629344292755,0.029583945346392637,66.2600321937624,2.4085798689117555,-0.009719222462203025,-0.07092198581560283,17.901990966410427,30.882570770169693,24.829578820412106,,0,,False,False,False,False,False,False,False,False,False,4189.T,,2751.0,12.610011,1.382574,218.16,1989.767,96308699136.0,1785825000.0,1785825000.0,1785825000.0,True,,,True,1785825000.0,2026-08-04,36.0
6,True,42.71844660194174,False,False,True,True,0.38597091352504165,3845.0,3845.0,521216650.0,521.21665,4192.3212890625,0.917152988734752,-0.12816796519492368,0.07817399800184766,85.45779370918383,2.222569407260958,-0.041147132169576106,-0.08284701126524796,11.679835531980007,18.973612618587843,21.266764295553312,,2,cross_sma25_down;macd_sell_like,False,True,True,False,False,False,False,False,False,9303.T,,3845.0,16.65728,0.9335742,230.83,4118.58,293043372032.0,1786084200.0,1786084200.0,1786084200.0,True,,,True,1786084200.0,2026-08-07,39.0
6,True,65.68265682656826,True,False,True,True,0.508441218456545,2970.0,2970.0,500901290.0,500.90129,3308.057861328125,0.8978077544289382,-0.1732309062750349,0.026031150438717843,78.82559096173625,2.6540603017419615,0.0,-0.0357142857142857,12.073181893325419,29.940351289400553,22.871619732982783,,0,,False,False,False,False,False,False,False,False,False,6995.T,,2970.0,8.578361,0.7268182,346.22,4086.304,252778545152.0,1778826600.0,1785393000.0,1785393000.0,True,,,True,1785393000.0,2026-07-30,33.0
6,True,42.23300970873787,False,False,True,True,0.28656471057655547,3520.0,3520.0,493519875.0,493.519875,3795.0,0.927536231884058,-0.35760485251790886,0.06217791942286488,148.47775398301187,4.218118010881019,-0.07246376811594202,-0.07246376811594202,15.553452302866663,27.735264894810214,25.891971742766778,,0,,False,False,False,False,False,False,False,False,False,7734.T,,3520.0,16.056929,1.8740699,219.22,1878.265,160004358144.0,1778653800.0,1785997800.0,1785997800.0,True,,,True,1785997800.0,2026-08-06,38.0
6,True,57.89473684210526,True,False,True,True,0.46430116320105225,1766.0,1766.0,491932492.5,491.9324925,1922.5,0.9185955786736021,-0.14447324914124537,0.06765688133169045,33.43708942135315,1.893379921933927,0.0,-0.02079290268921541,9.13996003368475,32.1722295232681,21.96349692242977,,0,,False,False,False,False,False,False,False,False,False,4045.T,,1766.0,15.095307,0.8808252,116.99,2004.938,187403190272.0,1777357800.0,1777357800.0,1777357800.0,True,,,True,1777357800.0,2026-04-28,-34.0
6,True,83.12101910828025,True,False,True,False,0.5450839596521276,2475.0,2475.0,490905910.0,490.90591,2605.220947265625,0.9500153922060616,-0.38823757301555195,0.10473590067566407,81.1938235454332,3.28055852708821,0.0,-0.010000000000000009,30.611711017108313,43.32489630962398,14.198794608860391,,1,rsi_reversal,False,False,False,True,False,False,False,False,False,9010.T,,2475.0,3.681721,3.1438034,672.24,787.263,131417309184.0,,1754373600.0,1754892000.0,True,,,True,1754373600.0,2025-08-05,-224.0
6,True,46.36871508379888,False,False,True,False,0.3401586999624183,1433.0,1433.0,480481255.0,480.481255,1610.0,0.8900621118012423,-0.15294529813332414,0.218221520612079,65.06520155173723,4.5404885939802675,-0.10993788819875772,-0.10993788819875772,29.028078568029162,24.765919327016977,19.3578585305173,,2,macd_sell_like;trailing_stop;ext_dev200,False,False,True,False,True,True,False,False,False,6817.T,,1433.0,13.131128,0.75578254,109.13,1896.048,47430656000.0,,1753779600.0,1754298000.0,True,,,True,1753779600.0,2025-07-29,-229.0
6,True,45.74468085106383,False,False,True,True,0.3240140812409475,1039.0,1039.0,475445350.0,475.44535,1092.0,0.9514652014652014,-0.12288133342736518,0.28400768262185094,31.180818686126337,3.001041259492429,-0.048534798534798584,-0.048534798534798584,28.32056894264962,33.328222501260605,24.75001334307793,,0,ext_dev200,False,False,False,False,False,True,False,False,False,4246.T,,1039.0,8.227748,0.7716851,126.28,1346.404,68177600512.0,,1754463600.0,1754895600.0,True,,,True,1754463600.0,2025-08-06,-223.0
6,True,36.66288308740069,True,False,True,False,0.4645094153217704,2699.0,2699.0,464413300.0,464.4133,3095.0,0.8720516962843295,-0.18222940226171247,0.11850145748006691,106.57825494214529,3.9488052961150535,-0.08009543285616905,-0.12794830371567045,10.804142746355652,27.041283789380493,25.085345409185848,,1,trailing_stop,False,False,False,False,True,False,False,False,False,1968.T,,2699.0,14.289495,1.3472575,188.88,2003.329,170318725120.0,,1754460000.0,1754978400.0,True,,,True,1754460000.0,2025-08-06,-223.0
6,True,57.2463768115942,True,False,True,True,0.35481019296582056,1339.0,1339.0,459199595.0,459.199595,1484.0,0.9022911051212938,-0.2436881322386596,0.13274772922775213,47.2465990829778,3.5284988112754148,0.0,-0.08663028649386084,22.586799125264985,24.83494949347258,25.35650537059235,,1,di_bear,False,False,False,False,False,False,True,False,False,6395.T,,1339.0,9.246599,0.822069,144.81,1628.817,169256632320.0,1778135400.0,1786084200.0,1786084200.0,True,,,True,1786084200.0,2026-08-07,39.0
6,True,65.2482269503546,False,False,True,False,0.3608290987682856,3600.0,3600.0,444247700.0,444.2477,3935.0,0.9148665819567979,-0.16645489199491736,0.09131948905991427,99.71340554461453,2.769816820683737,-0.028340080971659964,-0.08513341804320207,22.39792873664957,27.043095421197833,22.376913067556345,,0,,False,False,False,False,False,False,False,False,False,9956.T,,3600.0,11.513369,1.0236384,312.68,3516.867,189625024512.0,1786084200.0,1786084200.0,1786084200.0,True,,,True,1786084200.0,2026-08-07,39.0
6,True,64.62585034013605,False,False,True,False,0.39352624228119093,2383.0,2383.0,440737295.0,440.737295,2511.0,0.9490242931103147,-0.10185567983635146,0.035630646608657335,42.75507633704612,1.7941702197669374,-0.013250517598343725,-0.050975706889685335,24.235078951642393,25.059409478589128,17.10012336544377,,0,,False,False,False,False,False,False,False,False,False,8803.T,,2383.0,14.384017,1.2420554,165.67,1918.594,158219894784.0,1777530600.0,1785393000.0,1785393000.0,True,,,True,1785393000.0,2026-07-30,33.0
6,True,41.88034188034188,False,False,True,False,0.5205914382067225,1641.0,1641.0,431111695.0,431.111695,1870.1458740234375,0.877471657582276,-0.4058655717691164,0.09851471175374105,52.133294970540845,3.1769223016782964,-0.024375743162901253,-0.07808988764044944,14.414860917143901,20.794636320175908,18.929495503603526,,0,,False,False,False,False,False,False,False,False,False,7780.T,,1641.0,25.84252,1.2810534,63.5,1280.977,121756393472.0,1778653800.0,1786084200.0,1786084200.0,True,,,True,1786084200.0,2026-08-07,39.0
6,True,58.720930232558146,True,False,False,False,0.5343923379120364,2921.0,2921.0,417296960.0,417.29696,3395.314453125,0.8603032326833682,-0.1838752968964008,0.03908642591700495,83.92078575899103,2.8730156028411855,-0.023076923076923106,-0.03856618591558081,13.238408213479595,26.078513250348678,26.39643021210359,,0,,False,False,False,False,False,False,False,False,False,6486.T,,2921.0,13.476356,0.99762326,216.75,2927.959,132755013632.0,,1753941600.0,1754287200.0,True,,,True,1753941600.0,2025-07-31,-227.0
6,True,37.984496124031004,False,False,True,True,0.3146522933754204,1059.0,1059.0,405010595.0,405.010595,1160.111083984375,0.9128436187014857,-0.24293905142221817,0.022592256071503947,27.16653621623419,2.5653008702770714,-0.04162895927601806,-0.0536193029490617,17.103603952433517,20.013398440175923,23.340248005970906,,1,macd_sell_like,False,False,True,False,False,False,False,False,False,6523.T,,1059.0,23.177938,0.8287124,45.69,1277.886,133976268800.0,1778653800.0,1785997800.0,1785997800.0,True,,,True,1785997800.0,2026-08-06,38.0
6,True,41.68224299065421,False,False,True,True,0.34714365402202796,2186.0,2186.0,403619835.0,403.619835,2454.0,0.8907905460472698,-0.19774722241833798,0.1729230369465986,80.30741533574975,3.673715248661928,-0.04583151462243562,-0.10920945395273018,17.44553389271402,27.863863951290156,27.363687439942392,,0,,False,False,False,False,False,False,False,False,False,1946.T,,2186.0,11.398478,1.3253609,191.78,1649.362,202932617216.0,,1753768800.0,1754287200.0,True,,,True,1753768800.0,2025-07-29,-229.0
6,True,41.6,False,False,True,True,0.1875298058401992,1682.0,1682.0,399585660.0,399.58566,1895.0,0.8875989445910291,-0.4382417639494184,0.11862719953422829,41.63752123126086,2.475476886519671,-0.04323094425483509,-0.11240105540897094,11.579914194791378,23.5657965670156,24.898360965221997,,0,,False,False,False,False,False,False,False,False,False,7730.T,,1682.0,29.53468,2.9240832,56.95,575.223,165681381376.0,1784097000.0,1784097000.0,1784097000.0,True,,,True,1784097000.0,2026-07-15,22.0
6,True,48.5,False,False,True,True,0.2806393243467733,4525.0,4525.0,396115675.0,396.115675,4655.0,0.9720730397422127,-0.2932921325791329,0.12894238086134502,116.45332703491691,2.5735541886169484,-0.01950162513542797,-0.027926960257787292,15.839168416410908,23.948874001575625,18.98650950746271,,0,,False,False,False,False,False,False,False,False,False,7433.T,,4525.0,16.994667,1.2457507,266.26,3632.348,85189410816.0,,1753768800.0,1754287200.0,True,,,True,1753768800.0,2025-07-29,-229.0
6,True,54.6875,True,False,True,True,0.24486452850036708,3580.0,3580.0,385747325.0,385.747325,3740.0,0.9572192513368984,-0.220855614973262,0.09134705658425513,115.82819633235303,3.235424478557347,-0.005555555555555536,-0.005555555555555536,14.402615818681173,30.160647870808354,20.28318430916016,,0,,False,False,False,False,False,False,False,False,False,6080.T,,3580.0,19.568188,2.4691238,182.95,1449.907,113767317504.0,,1753682400.0,1754028000.0,True,,,True,1753682400.0,2025-07-28,-230.0
6,True,45.47945205479452,False,False,True,True,0.3882784617155842,2093.0,2093.0,383153650.0,383.15365,2212.0,0.9462025316455697,-0.13910133186605866,0.09260266834955133,48.157772446483285,2.3008969157421544,-0.05379746835443033,-0.05379746835443033,25.69200280103953,28.2797426097238,22.523118946110362,,0,,False,False,False,False,False,False,False,False,False,5970.T,,2093.0,6.660726,0.40144873,314.23,5213.617,89606750208.0,,1754465400.0,1754983800.0,True,,,True,1754465400.0,2025-08-06,-223.0
6,True,48.24561403508772,True,False,True,True,0.3337193476642838,1165.0,1165.0,382647910.0,382.64791,1505.0,0.7740863787375415,-0.2637873754152824,0.08541834369710344,31.90035585558669,2.7382279704366255,-0.01604729729729726,-0.2259136212624585,20.56960816865395,22.641813661224848,25.86665622207031,,1,di_bear,False,False,False,False,False,False,True,False,False,3608.T,,1165.0,19.256199,0.683377,60.5,1704.769,65404260352.0,,1752127200.0,1752472800.0,True,,,True,1752127200.0,2025-07-10,-242.0
6,True,46.80851063829787,False,False,True,True,0.2677224018310847,412.0,412.0,343688235.0,343.688235,431.0,0.9559164733178654,-0.28218753130302066,0.0657008912321646,8.17761255796945,1.9848574169828763,-0.044083526682134555,-0.044083526682134555,11.035772398991105,19.498357455571032,18.948273211196202,,0,,False,False,False,False,False,False,False,False,False,8897.T,,412.0,11.876622,0.66604376,34.69,618.578,55050899456.0,,1754553600.0,1754985600.0,True,,,True,1754553600.0,2025-08-07,-222.0
6,True,47.800586510263926,False,False,True,False,0.4423819127333605,2421.0,2421.0,336923600.0,336.9236,2618.0,0.9247517188693659,-0.17026383484832908,0.08198704664882461,72.72841327081296,3.0040649843375866,-0.07524828113063409,-0.07524828113063409,28.21192836885081,33.664696497233685,23.11223132102605,,1,macd_sell_like,False,False,True,False,False,False,False,False,False,7990.T,,2421.0,10.083299,0.81604475,240.1,2966.749,52775251968.0,,1754460000.0,1754978400.0,True,,,True,1754460000.0,2025-08-06,-223.0
6,True,65.75342465753425,True,False,True,True,0.40936702996518026,4130.0,4130.0,330404325.0,330.404325,4318.6845703125,0.9563097125431305,-0.23058192289366286,0.13864171643637024,111.09615887371508,2.6899796337461277,0.0,-0.042873696407879525,14.897496868289178,29.22854410972697,21.237525366544364,,0,,False,False,False,False,False,False,False,False,False,4044.T,,4130.0,12.2406645,0.8282645,337.4,4986.33,102394200064.0,1778740200.0,1785997800.0,1785997800.0,True,,,True,1785997800.0,2026-08-06,38.0
6,True,66.54275092936803,True,False,True,True,0.4128304652358422,3035.0,3035.0,326451675.0,326.451675,3210.0,0.9454828660436138,-0.12276266712563166,0.10559442692099008,73.02655158749856,2.4061466750411387,0.0,-0.05451713395638624,22.169414685891287,32.662932854457154,18.097780087368346,,0,,False,False,False,False,False,False,False,False,False,7981.T,,3035.0,13.080769,0.9775039,232.02,3104.847,191906480128.0,1777530600.0,1777530600.0,1777530600.0,True,,,True,1777530600.0,2026-04-30,-32.0
6,True,52.87356321839081,False,False,True,True,0.28518650472892393,3765.0,3765.0,324463600.0,324.4636,4030.0,0.93424317617866,-0.08064516129032262,0.017911152545203368,71.47345852796134,1.898365432349571,-0.03213367609254503,-0.06575682382133996,18.308154752708962,13.779428210314796,20.863083780799858,,1,macd_sell_like,False,False,True,False,False,False,False,False,False,9715.T,,3765.0,11.501451,1.0998529,327.35,3423.185,141084999680.0,1777530600.0,1785393000.0,1785393000.0,True,,,True,1785393000.0,2026-07-30,33.0
6,True,58.819530958397614,True,False,True,True,0.4041868240043742,1577.0,1577.0,299613280.0,299.61328,1807.9234619140625,0.8722714391517536,-0.2118029164291383,0.14967391991775614,56.02884180002807,3.55287519340698,-0.06302150626072245,-0.12772856084824635,13.20525565034562,30.72598584860326,22.629728181276633,,0,,False,False,False,False,False,False,False,False,False,2975.T,,1577.0,12.779578,1.6973634,123.4,929.088,59828314112.0,,1751265000.0,1751610600.0,True,,,True,1751265000.0,2025-06-30,-250.0
6,True,46.09665427509294,False,False,True,True,0.4245714324252605,9110.0,9110.0,297931550.0,297.93155,11930.5556640625,0.7635855576652943,-0.49370807297102004,0.07939736723283586,385.66773418252325,4.2334548208839,-0.03699788583509511,-0.058884297520661155,24.952107364495816,29.979960113377313,20.05422584085832,,0,,False,False,False,False,False,False,False,False,False,6736.T,,9110.0,9.545364,4.0699167,954.39,2238.375,196029825024.0,,1754550000.0,1754982000.0,True,,,True,1754550000.0,2025-08-07,-222.0
6,True,49.56896551724138,False,False,True,False,0.485158144261959,3640.0,3640.0,295881725.0,295.881725,3870.0,0.9405684754521964,-0.23404431736883702,0.28794832852313923,154.17998117526085,4.235713768551122,-0.05943152454780365,-0.05943152454780365,31.865089908294742,29.22820695875145,17.940721723409727,,0,ext_dev200,False,False,False,False,False,True,False,False,False,6823.T,,3640.0,13.407493,1.289604,271.49,2822.572,44882358272.0,,1753682400.0,1754028000.0,True,,,True,1753682400.0,2025-07-28,-230.0
6,True,48.18181818181818,False,False,True,False,0.4741889634248839,1113.0,1113.0,268610500.0,268.6105,1200.0,0.9275,-0.1106852453134195,0.021814965062933345,18.94823970977596,1.7024474132772651,-0.036363636363636376,-0.07250000000000001,18.138160556902925,25.80913478426797,20.32384840478986,,0,,False,False,False,False,False,False,False,False,False,3167.T,,1113.0,13.490909,1.4006165,82.5,794.65,143461384192.0,1778221800.0,1785911400.0,1785911400.0,True,,,True,1785911400.0,2026-08-05,37.0
6,False,46.70846394984326,True,False,True,True,0.4495023707655053,2242.0,2242.0,267249370.0,267.24937,2719.0,0.824567855829349,-0.20698173118295005,-0.04876071112351288,49.572491512053844,2.211083475113909,-0.011027790030877838,-0.07393638992152007,20.050960351034746,18.834298459020264,17.88715489020911,,1,trend_break,True,False,False,False,False,False,False,False,False,9830.T,,2242.0,9.307153,0.78397256,240.89,2859.794,147837648896.0,1777530600.0,1777530600.0,1777530600.0,True,,,True,1777530600.0,2026-04-30,-32.0
6,True,49.919224555735056,False,False,True,True,0.4727923033966374,1653.0,1653.0,245661855.0,245.661855,1834.0,0.9013086150490731,-0.2222222516529161,0.3301998476405996,68.94679772586568,4.171010146755334,-0.09869138495092689,-0.09869138495092689,39.170527611869,30.919990795435364,18.395642525237637,,1,trailing_stop;ext_dev200,False,False,False,False,True,True,False,False,False,7537.T,,1653.0,13.111763,0.7625974,126.07,2167.592,43379585024.0,,1753772400.0,1754290800.0,True,,,True,1753772400.0,2025-07-29,-229.0
6,True,36.68639053254437,False,False,True,False,0.2978130657512275,5010.0,5010.0,243279150.0,243.27915,5630.0,0.8898756660746003,-0.13255360623781676,0.22396183242135081,212.9503480141259,4.250505948385746,-0.11012433392539966,-0.11012433392539966,20.868708561152367,25.657162755715472,23.823570673846927,,2,macd_sell_like;trailing_stop;ext_dev200,False,False,True,False,True,True,False,False,False,2805.T,,5010.0,15.877041,1.2851014,315.55,3898.525,121120817152.0,,1753768800.0,1754287200.0,True,,,True,1753768800.0,2025-07-29,-229.0
6,True,60.273972602739725,True,False,True,True,0.40341174791716566,3970.0,3970.0,240882775.0,240.882775,4189.3251953125,0.9476466530796162,-0.23797776546969818,0.03652631279055152,68.48608039110826,1.7250901861740116,0.0,-0.030525030525030528,14.96333184786183,24.68371248716899,24.106785491903846,,0,,False,False,False,False,False,False,False,False,False,5192.T,,3970.0,15.080722,1.0904365,263.25,3640.744,110809079808.0,,1754456400.0,1754888400.0,True,,,True,1754456400.0,2025-08-06,-223.0
6,True,42.10526315789474,False,False,True,False,0.4125406069028496,2176.0,2176.0,235541005.0,235.541005,2290.080810546875,0.9501848100636971,-0.13270840243008963,0.06872059263220831,44.52812671856304,2.04632935287514,-0.04225352112676062,-0.04225352112676062,11.355926132521276,27.67065490928633,30.295619301230207,,0,,False,False,False,False,False,False,False,False,False,7239.T,,2176.0,8.02567,0.7119804,271.13,3056.264,74681466880.0,,1754373600.0,1754978400.0,True,,,True,1754373600.0,2025-08-05,-224.0
6,True,57.89473684210526,True,False,True,True,0.341518270379609,1069.0,1069.0,229515900.0,229.5159,1085.0,0.9852534562211982,-0.18487749418560584,0.08927945955556282,17.193147635199313,1.6083393484751463,0.0,-0.014746543778801802,7.1155794484527455,28.020722555599413,22.68554248206062,,0,,False,False,False,False,False,False,False,False,False,8613.T,,1069.0,14.164569,1.3779253,75.47,775.804,70885949440.0,,1753671600.0,1754017200.0,True,,,True,1753671600.0,2025-07-28,-230.0
6,True,44.366197183098585,False,False,True,False,0.42636187017578225,634.0,634.0,229289535.0,229.289535,684.0569458007812,0.9268234229502884,-0.34013220501004426,0.021245555061508714,17.644263156703495,2.783006807051024,-0.06489675516224191,-0.06489675516224191,16.934849723648096,25.189786733671525,24.53514204247216,,0,,False,False,False,False,False,False,False,False,False,5408.T,,634.0,13.949395,0.3149173,45.45,2013.227,34372595712.0,,1754287200.0,1754632800.0,True,,,True,1754287200.0,2025-08-04,-225.0
6,True,61.502347417840376,True,False,True,True,0.582475085440592,1119.0,1119.0,228482765.0,228.482765,1276.0,0.8769592476489029,-0.23510971786833856,0.35762959572916486,53.82620596115843,4.810206073383238,0.0,-0.12304075235109713,20.494651171994427,23.853246170605,21.58568513663855,,0,ext_dev200,False,False,False,False,False,True,False,False,False,4620.T,,1119.0,10.470665,0.67212534,106.87,1664.868,32486330368.0,,1754456400.0,1754974800.0,True,,,True,1754456400.0,2025-08-06,-223.0
6,True,40.05602240896358,True,False,True,False,0.4129993400430105,2246.0,2246.0,221567345.0,221.567345,2526.0,0.8891528107680127,-0.14608076009501192,0.052935535812983714,49.57607014010905,2.20730499288108,-0.07913079130791312,-0.08550488599348538,21.555891066332183,21.493361356769707,22.948982171776464,,1,di_bear,False,False,False,False,False,False,True,False,False,5943.T,,2246.0,30.557823,0.71945626,73.5,3121.802,102617710592.0,,1754460000.0,1754892000.0,True,,,True,1754460000.0,2025-08-06,-223.0
6,True,61.46788990825688,True,False,True,True,0.21019891738214574,1369.0,1369.0,221077145.0,221.077145,1456.0,0.9402472527472527,-0.1273409581286078,0.02744525744998705,26.207955140961857,1.914386788967265,-0.0207439198855508,-0.05975274725274726,9.077867873159152,28.436702557264056,26.828552118937786,,0,,False,False,False,False,False,False,False,False,False,6345.T,,1369.0,13.593487,1.1721994,100.71,1167.89,88381726720.0,,1753339200.0,1753684800.0,True,,,True,1753339200.0,2025-07-24,-232.0
6,True,68.9873417721519,True,False,True,True,0.37268300449127423,1998.0,1998.0,200974550.0,200.97455,2075.0,0.9628915662650602,-0.13681564339226937,0.041575343532555875,42.53057685800558,2.1286575004006796,-0.003988035892322994,-0.03710843373493977,13.391851052703203,30.369563016849405,21.731668752785936,,0,,False,False,False,False,False,False,False,False,False,8133.T,,1998.0,14.050633,1.2411256,142.2,1609.829,225602224128.0,,1753761600.0,1754280000.0,True,,,True,1753761600.0,2025-07-29,-229.0
