score,gc_multi,rsi,macd_buy_like,vol_surge,vol_quiet,vol_down,hurst,close,close_adj,adv20,adv20_m,hh252,pct_of_52w_high,max_dd_252,dev200,atr14,natr14,pullback_20d,pullback_60d,adx14,plus_di14,minus_di14,skip_reason,sell_score,sell_reason,sell_trend_break,sell_cross_sma25_down,sell_macd_sell_like,sell_rsi_reversal,sell_trailing_stop,sell_ext_dev200,sell_di_bear,sell_vol_distribution,sell_natr_spike,ticker,skip_reason_yahoo,mkt_price,pe_ttm,pbr,eps_ttm,bps,market_cap,earn_ts,earn_start_ts,earn_end_ts,market_risk_on,market_close,market_ma200,fund_ok,earn_ts_pick,next_earn_date,days_to_earnings
3,False,25.86206896551724,False,False,True,False,0.421438581056503,148.0,148.0,3657068105.0,3657.068105,422.0,0.35071090047393366,-0.7345971563981042,-0.08777120315581854,28.316608342556453,19.132843474700305,-0.4307692307692308,-0.4307692307692308,22.891626215051563,23.804309700737587,33.48541436539766,"fund_neg_eps,fund_small_mcap",5,trend_break;macd_sell_like;trailing_stop;di_bear;natr_spike,True,False,True,False,True,False,True,False,True,5721.T,,148.0,-56.70498084291188,6.9411874,-2.61,21.322,25921222656.0,,1754893800.0,1755239400.0,True,,,False,1754893800.0,2025-08-11,-118.0
1,False,14.0,False,False,False,False,0.4886285530295699,11080.0,11080.0,3189849700.0,3189.8497,17805.0,0.6222971075540579,-0.37770289244594213,-0.27963975239829775,342.52359256497664,3.0913681639438324,-0.20028870443883073,-0.2558764271323035,46.785256126667235,5.488606630325731,43.42391243608053,,5,trend_break;macd_sell_like;trailing_stop;di_bear;natr_spike,True,False,True,False,True,False,True,False,True,4716.T,,11080.0,23.141188,8.296823,478.8,1335.451,1419938496512.0,1766471400.0,1773901800.0,1773901800.0,True,,,True,1773901800.0,2026-03-19,40.0
2,False,28.779306863715973,False,True,False,False,0.437344643883389,950.0,950.0,1845650962.095337,1845.6509620953368,1387.5,0.6846846846846847,-0.32774928812609605,-0.18219456809305823,31.06665838530613,3.2701745668743296,-0.11214953271028039,-0.27893738140417457,36.20021778635565,12.42212909730022,37.33049577943346,,5,trend_break;macd_sell_like;trailing_stop;di_bear;vol_distribution,True,False,True,False,True,False,True,True,False,3923.T,,950.0,32.138023,14.02359,29.56,67.743,342555820032.0,1770964200.0,1770964200.0,1770964200.0,True,,,True,1770964200.0,2026-02-13,16.0
2,False,26.032190342897124,False,True,False,True,0.31128786964293376,7797.0,7797.0,761681660.0,761.68166,9269.0,0.8411910669975186,-0.182760211541672,-0.0634493143016519,152.96310427338355,1.9618199855506417,-0.09756944444444449,-0.12314439946018896,24.11121889497452,12.087680237163527,42.0706244295318,earnings_blackout,5,trend_break;macd_sell_like;trailing_stop;di_bear;vol_distribution,True,False,True,False,True,False,True,True,False,4733.T,,7797.0,34.822025,3.5358555,223.91,2205.124,586152738816.0,1769409000.0,1769409000.0,1769409000.0,True,,,True,1769409000.0,2026-01-26,2.0
1,False,18.644067796610173,False,True,False,True,0.38968936107086116,5560.0,5560.0,503765700.0,503.7657,8051.9130859375,0.6905191276481145,-0.3094808723518855,-0.22248538205305246,154.6796014613973,2.7820072205287283,-0.12852664576802508,-0.29531051964512045,44.50327618512552,8.05015748554878,37.34160245656945,"fund_neg_eps,fund_small_mcap",5,trend_break;macd_sell_like;trailing_stop;di_bear;vol_distribution,True,False,True,False,True,False,True,True,False,2326.T,http_401,,,,,,,,,,True,,,False,,,
2,False,17.843388960205402,False,False,False,False,0.33762085967652355,2163.0,2163.0,415197040.0,415.19704,3220.0,0.6717391304347826,-0.41240530131471587,-0.1123402783387325,134.62870090689267,6.224165552792079,-0.3282608695652174,-0.3282608695652174,29.781517057433597,11.618983549485106,48.6523579246087,,5,trend_break;macd_sell_like;trailing_stop;di_bear;natr_spike,True,False,True,False,True,False,True,False,True,7373.T,,2163.0,17.229568,4.4576616,125.54,485.232,32148621312.0,,1744353000.0,1744353000.0,True,,,True,1744353000.0,2025-04-11,-204.0
2,False,8.108108108108098,False,True,False,False,0.5526729876231719,574.0,574.0,351457390.0,351.45739,1272.0,0.45125786163522014,-0.5487421383647799,-0.4142707722135769,30.761243384153378,5.359101634869926,-0.33641618497109826,-0.40641158221303,34.436156088770865,9.901474007800145,51.452573513284484,fund_small_mcap,5,trend_break;trailing_stop;di_bear;vol_distribution;natr_spike,True,False,False,False,True,False,True,True,True,9168.T,,574.0,9.327267,1.9630643,61.54,292.4,14022573056.0,,1744628340.0,1744628340.0,True,,,False,1744628340.0,2025-04-14,-203.0
3,False,46.009389671361504,False,False,False,True,0.33152164685533747,3135.0,3135.0,310260230.0,310.26023,4235.0,0.7402597402597403,-0.3722186650082745,-0.014547235557465288,134.85846157488882,4.301705313393582,-0.1351724137931034,-0.2409200968523002,20.491931660303784,22.80514448393541,30.11451172781299,,5,trend_break;cross_sma25_down;macd_sell_like;trailing_stop;di_bear,True,True,True,False,True,False,True,False,False,4417.T,,3135.0,70.48112,11.792985,44.48,265.836,47171854336.0,,1745997900.0,1745997900.0,True,,,True,1745997900.0,2025-04-30,-191.0
2,False,26.446280991735534,False,True,False,True,0.5468726018483346,1303.0,1303.0,101723875.0,101.723875,1798.0,0.7246941045606229,-0.2936596218020022,-0.00689913791574448,38.76626164222831,2.975154385435787,-0.10323468685478321,-0.10323468685478321,22.52424249551802,23.503413107322995,29.81964649097909,"fund_low_adv20,fund_small_mcap",5,trend_break;macd_sell_like;trailing_stop;di_bear;vol_distribution,True,False,True,False,True,False,True,True,False,6224.T,,1303.0,14.833789,3.1589487,87.84,412.479,16777163776.0,,1744612200.0,1744612200.0,True,,,False,1744612200.0,2025-04-14,-203.0
2,False,46.09375,False,True,False,True,0.34035081365634207,373.0,373.0,53367770.0,53.36777,627.0,0.594896331738437,-0.5267379679144385,-0.14596451058958215,14.045059407825365,3.765431476628784,-0.14252873563218393,-0.14252873563218393,25.76655962992833,21.538442147890205,28.83021552251336,"fund_neg_eps,fund_low_adv20,fund_small_mcap",5,trend_break;macd_sell_like;trailing_stop;di_bear;vol_distribution,True,False,True,False,True,False,True,True,False,4448.T,,373.0,-12.61413594859655,8.834675,-29.57,42.22,15628531712.0,,1754985300.0,1755503700.0,True,,,False,1754985300.0,2025-08-12,-117.0
2,False,53.846153846153854,False,True,False,True,0.336500157108192,30.0,30.0,18257630.0,18.25763,68.0,0.4411764705882353,-0.5882352941176471,-0.25326695706284996,1.6802645665848444,5.600881888616148,-0.09090909090909094,-0.1428571428571429,22.194255974203106,20.285693213398932,20.364194270326337,"fund_neg_eps,fund_low_adv20,fund_small_mcap",5,trend_break;cross_sma25_down;trailing_stop;di_bear;vol_distribution,True,True,False,False,True,False,True,True,False,5856.T,,30.0,-0.9784735812133072,1.3147515,-30.66,22.818,3268482048.0,,1747204200.0,1747204200.0,True,,,False,1747204200.0,2025-05-14,-181.0
3,False,47.91666666666667,False,False,True,False,0.22634398702054684,415.0,415.0,4529065.0,4.529065,760.0,0.5460526315789473,-0.6304188096987509,-0.14349988648793677,12.346936231332913,2.9751653569476897,-0.14959016393442626,-0.1565040650406504,29.807699482832465,27.839069675975587,31.9560751409863,"fund_neg_eps,fund_low_adv20,fund_small_mcap",5,trend_break;macd_sell_like;trailing_stop;di_bear;natr_spike,True,False,True,False,True,False,True,False,True,7689.T,,415.0,-2.872369878183832,1.3497164,-144.48,307.472,1229593600.0,,1752127200.0,1752472800.0,True,,,False,1752127200.0,2025-07-10,-140.0
1,False,34.689922480620154,False,True,False,False,0.4063426575723046,9950.0,9950.0,73434665475.0,73434.665475,14607.6533203125,0.6811497905802669,-0.3188502094197331,-0.19037212700300643,320.5083010727145,3.2211889555046684,-0.08337171810225708,-0.2945763913505849,37.708981191825714,13.91962311744887,33.935922845944766,,4,trend_break;trailing_stop;di_bear;vol_distribution,True,False,False,False,True,False,True,True,False,7974.T,,9950.0,31.427668,4.1119285,316.6,2419.789,11584378241024.0,1770100200.0,1770100200.0,1770100200.0,True,,,True,1770100200.0,2026-02-03,8.0
2,False,21.97183098591549,False,False,False,True,0.3101248804420552,3631.0,3631.0,58494050675.0,58494.050675,4700.0,0.7725531914893617,-0.22744680851063825,-0.08020446228276223,89.00549997508621,2.4512668679450895,-0.11675991243006567,-0.22744680851063825,29.292941662836455,13.120083943590089,37.91278952622368,,4,trend_break;macd_sell_like;trailing_stop;di_bear,True,False,True,False,True,False,True,False,False,6758.T,,3631.0,18.135052,2.823117,200.22,1286.167,21670075039744.0,1770273000.0,1770273000.0,1770273000.0,True,,,True,1770273000.0,2026-02-05,10.0
2,False,33.16993464052288,False,False,True,True,0.4363224445094189,4558.0,4558.0,43774534450.0,43774.53445,8604.6142578125,0.5297157854417002,-0.4759788335768701,-0.282557817037692,177.0351539940395,3.8840534004835345,-0.1106341463414634,-0.38925365134664347,32.14316110480198,11.218638945078856,32.297178189901786,,4,trend_break;macd_sell_like;trailing_stop;di_bear,True,False,True,False,True,False,True,False,False,8136.T,,4558.0,22.363966,7.7711945,203.81,586.525,1105011408896.0,1770877800.0,1770877800.0,1770877800.0,True,,,True,1770877800.0,2026-02-12,15.0
1,False,21.12676132011454,False,False,False,False,0.5855633702917957,802.7999877929688,802.7999877929688,8074208677.441711,8074.208677441711,1790.0,0.4484916132921613,-0.5515083867078387,-0.394374663851768,40.04527359810963,4.9882005738690625,-0.2167804997141768,-0.3079310450060614,22.591632752636492,15.48624831935401,33.913242392978475,,4,trend_break;macd_sell_like;trailing_stop;di_bear,True,False,True,False,True,False,True,False,False,3697.T,,802.8,23.681414,4.9316583,33.9,162.785,211451215872.0,1768372200.0,1775716200.0,1775716200.0,True,,,True,1775716200.0,2026-04-09,55.0
2,False,33.160621761658035,False,True,False,True,0.259102064074892,1971.0,1971.0,6751642392.5,6751.6423925,2737.5,0.72,-0.45417713117347835,-0.05654732700375997,61.274203744166826,3.1087876075173426,-0.08623087621696801,-0.28,19.549436164302083,16.075504697055063,32.721463762760756,"fund_neg_eps,fund_small_mcap",4,trend_break;macd_sell_like;trailing_stop;vol_distribution,True,False,True,False,True,False,False,True,False,2413.T,http_401,,,,,,,,,,True,,,False,,,
4,False,43.679163034001746,False,True,False,False,0.5314870345185182,3697.0,3697.0,6295867860.0,6295.86786,4702.37158203125,0.786199034999066,-0.3171736464615992,-0.09033843009216391,115.33636410151445,3.1197285393971987,-0.06547017189079873,-0.0673562058526741,13.688900125117094,27.776396621863555,23.92201296752604,"fund_neg_eps,fund_small_mcap",4,trend_break;cross_sma25_down;macd_sell_like;vol_distribution,True,True,True,False,False,False,False,True,False,3038.T,http_401,,,,,,,,,,True,,,False,,,
3,True,66.46447140381282,False,True,False,False,0.2885196315031811,1421.0,1421.0,5852317630.0,5852.31763,1754.0,0.8101482326111744,-0.5800519028512544,0.5631445496196641,131.81971370150916,9.276545651056239,-0.1898517673888256,-0.1898517673888256,62.46937090827838,56.89118426344969,10.011036783169793,,4,rsi_reversal;trailing_stop;ext_dev200;vol_distribution;natr_spike,False,False,False,True,True,True,False,True,True,7280.T,,1421.0,7.06438,0.6355897,201.15,2235.719,65343078400.0,,1754373600.0,1754892000.0,True,,,True,1754373600.0,2025-08-05,-122.0
3,False,31.863560732113143,False,False,True,False,0.517961526448715,2505.0,2505.0,4719568330.0,4719.56833,3359.641357421875,0.7456153004147709,-0.26123066841139264,-0.1285427512402747,70.35821072816098,2.808711007112215,-0.08942202835332602,-0.1624874623871615,36.63417924030417,15.252344370250501,29.57567436164518,"fund_neg_eps,fund_small_mcap",4,trend_break;macd_sell_like;trailing_stop;di_bear,True,False,True,False,True,False,True,False,False,3088.T,http_401,,,,,,,,,,True,,,False,,,
2,False,25.27472527472527,False,False,True,False,0.5909425145363818,818.0,818.0,4233660820.0,4233.66082,3329.9853515625,0.2456467262284433,-0.8108099785771158,-0.475872636502222,61.95571094180805,7.574047792397072,-0.25296803652968036,-0.2818261633011413,24.85404230986398,28.805371214588245,21.522331993156854,,4,trend_break;cross_sma25_down;macd_sell_like;trailing_stop,True,True,True,False,True,False,False,False,False,4784.T,,818.0,59.189583,16.22565,13.82,50.414,224334102528.0,,1754461860.0,1754980260.0,True,,,True,1754461860.0,2025-08-06,-121.0
3,False,18.401015228426388,False,False,True,True,0.311682846731022,4767.0,4767.0,2638259260.0,2638.25926,5339.0,0.8928638321783106,-0.15388504368800482,-0.004405423317879409,100.36350437368421,2.1053808343546088,-0.10209078922584292,-0.10713616782168944,25.712147605359178,10.4071342685963,34.33731289804842,,4,trend_break;macd_sell_like;trailing_stop;di_bear,True,False,True,False,True,False,True,False,False,3626.T,,4767.0,20.863972,3.223477,228.48,1478.838,1067552800768.0,1770100200.0,1770100200.0,1770100200.0,True,,,True,1770100200.0,2026-02-03,8.0
2,False,26.132930513595156,False,False,True,True,0.556781810628258,1757.5,1757.5,1773559122.5,1773.5591225,2497.0,0.7038446135362435,-0.2961553864637565,-0.1687605309054362,40.29205807788321,2.292577984516826,-0.08961408961408956,-0.17969661610268373,25.48182190419299,10.517412371136984,32.46852972764926,earnings_blackout,4,trend_break;macd_sell_like;trailing_stop;di_bear,True,False,True,False,True,False,True,False,False,3635.T,,1757.5,16.110552,2.3606796,109.09,744.489,587157733376.0,1769409000.0,1769409000.0,1769409000.0,True,,,True,1769409000.0,2026-01-26,2.0
2,False,21.021021021021028,False,False,False,True,0.5067444405850772,9097.0,9097.0,1718782550.0,1718.78255,12310.0,0.7389926888708367,-0.3115267947421638,-0.11050662108872744,283.75478030490495,3.1192127108376932,-0.13649738965353586,-0.15533890436397402,25.025435370031303,11.167488514879832,35.56560067718336,,4,trend_break;macd_sell_like;trailing_stop;di_bear,True,False,True,False,True,False,True,False,False,4194.T,,9097.0,23.601599,5.002648,385.44,1818.437,365116719104.0,1773729000.0,1773729000.0,1773729000.0,True,,,True,1773729000.0,2026-03-17,38.0
2,False,44.2643391521197,False,False,False,False,0.34794583844667953,1673.0,1673.0,1661960875.0,1661.960875,2524.0,0.6628367670364501,-0.36965134706814584,-0.1110284545285476,73.38157563541336,4.386226875996017,-0.15334008097165996,-0.15334008097165996,13.64470479364553,24.40563749052545,31.471757210953022,,4,trend_break;macd_sell_like;trailing_stop;natr_spike,True,False,True,False,True,False,False,False,True,4443.T,,1673.0,103.97762,12.663786,16.09,132.109,211662766080.0,1775802600.0,1775802600.0,1775802600.0,True,,,True,1775802600.0,2026-04-10,56.0
1,False,14.368932038834956,False,False,False,True,0.49896503898527333,2494.0,2494.0,1346412530.4943848,1346.4125304943848,4092.935791015625,0.6093425666423994,-0.3906574333576006,-0.22912111839135774,70.55514383608416,2.8289953422648018,-0.1369379694949172,-0.25733574969698525,28.51911492806726,12.483836345348507,40.77268746108478,,4,trend_break;macd_sell_like;trailing_stop;di_bear,True,False,True,False,True,False,True,False,False,4776.T,,2494.0,21.777857,7.09783,114.52,351.375,115335348224.0,1770877800.0,1770877800.0,1770877800.0,True,,,True,1770877800.0,2026-02-12,15.0
4,True,67.67537826685007,False,False,True,False,0.4938817560684937,997.0,997.0,1130914535.0,1130.914535,1146.0,0.8699825479930192,-0.3820512970134081,1.5575635367439977,97.7659433343811,9.80601237054976,-0.13001745200698078,-0.13001745200698078,58.76943049876914,40.23130156039683,8.725799822320377,fund_small_mcap,4,macd_sell_like;rsi_reversal;trailing_stop;ext_dev200;natr_spike,False,False,True,True,True,True,False,False,True,3444.T,,997.0,22.700365,2.3053567,43.92,432.471,12043177984.0,,1749812340.0,1749812340.0,True,,,False,1749812340.0,2025-06-13,-159.0
1,False,70.92866756393002,False,True,False,False,0.23246530110456226,581.0,581.0,1010827975.0,1010.827975,789.0,0.7363751584283904,-0.4867617107942973,0.879498584714921,56.61199346898879,9.743888720996349,-0.2636248415716096,-0.2636248415716096,62.39503100632911,57.37532925299682,13.587017541526611,fund_small_mcap,4,trend_break;trailing_stop;ext_dev200;vol_distribution;natr_spike,True,False,False,False,True,True,False,True,True,6166.T,,581.0,35.233475,6.3586216,16.49,91.372,6403142144.0,,1747031400.0,1747031400.0,True,,,False,1747031400.0,2025-05-12,-183.0
2,False,55.55555555555556,False,False,True,True,0.3426398893874455,21.0,21.0,890126850.0,890.12685,33.0,0.6363636363636364,-0.65,-0.1421568627450981,1.5025812300850852,7.155148714690881,-0.125,-0.16000000000000003,12.798763612234486,11.81461554345237,11.808649987098507,"fund_neg_eps,fund_small_mcap",4,trend_break;cross_sma25_down;macd_sell_like;trailing_stop,True,True,True,False,True,False,False,False,False,4564.T,,21.0,-7.4204946996466425,4.322767,-2.83,4.858,7216515072.0,,1754553600.0,1754899200.0,True,,,False,1754553600.0,2025-08-07,-120.0
2,False,23.728813559322035,False,False,True,True,0.4749557610019711,2536.0,2536.0,775368225.0,775.368225,5150.0,0.4924271844660194,-0.5075728155339806,-0.32724868321397915,68.04082256874385,2.6829977353605616,-0.08908045977011492,-0.26492753623188403,25.16399073820105,15.364200566567243,32.83552050053037,,4,trend_break;macd_sell_like;trailing_stop;di_bear,True,False,True,False,True,False,True,False,False,4819.T,,2536.0,37.498154,1.5457826,67.63,1640.593,116390977536.0,1770877800.0,1770877800.0,1770877800.0,True,,,True,1770877800.0,2026-02-12,15.0
2,False,33.5195530726257,False,False,True,False,0.487450651397572,5180.0,5180.0,744593100.0,744.5931,8639.3125,0.5995847470501848,-0.4708333333333333,-0.25270551339432157,193.11809293837808,3.728148512323901,-0.10535405872193437,-0.24599708879184867,34.47697426567418,14.418441502420743,34.19596515531921,"fund_neg_eps,fund_small_mcap",4,trend_break;macd_sell_like;trailing_stop;di_bear,True,False,True,False,True,False,True,False,False,2791.T,http_401,,,,,,,,,,True,,,False,,,
3,False,29.25531914893618,False,False,True,True,0.49121689650474476,1585.0,1585.0,712629065.0,712.629065,2514.849365234375,0.6302564367915069,-0.4501347862943481,-0.14280866173695161,84.64508201644463,5.340383723434992,-0.18801229508196726,-0.267649554808007,31.973972831164016,14.688940362709996,32.34749442189699,,4,trend_break;macd_sell_like;trailing_stop;di_bear,True,False,True,False,True,False,True,False,False,3491.T,,1585.0,19.414503,2.109612,81.64,751.323,65002188800.0,,1749708000.0,1749708000.0,True,,,True,1749708000.0,2025-06-12,-160.0
3,False,55.43288785589773,False,False,True,False,0.49433867217686206,1441.0,1441.0,656731460.0,656.73146,1760.0,0.81875,-0.6415204678362574,0.4174490834780129,150.35170763133252,10.43384508198005,-0.18125000000000002,-0.18125000000000002,58.4704586060476,41.560685482806136,14.542156382138739,"fund_neg_eps,fund_small_mcap",4,trend_break;macd_sell_like;trailing_stop;ext_dev200;natr_spike,True,False,True,False,True,True,False,False,True,4199.T,,1441.0,-27.94802172226532,1.1121814,-51.56,1295.652,3673910272.0,,1744612200.0,1744612200.0,True,,,False,1744612200.0,2025-04-14,-203.0
7,True,36.875,False,False,True,False,0.3461009163964796,443.0,443.0,608931774.4303894,608.9317744303894,511.0,0.8669275929549902,-0.2674234340321898,0.11535993864545446,16.7095047910555,3.7718972440305873,-0.13307240704500978,-0.13307240704500978,35.29570483448737,20.28175067431662,25.00611367779999,,4,macd_sell_like;trailing_stop;di_bear;natr_spike,False,False,True,False,True,False,True,False,True,4293.T,,443.0,27.244772,1.400919,16.26,316.221,91889319936.0,,1754287200.0,1754632800.0,True,,,True,1754287200.0,2025-08-04,-123.0
2,False,22.388059701492537,False,True,False,True,0.4159677932877722,947.0,947.0,504199520.0,504.19952,1161.25,0.8155005382131324,-0.19595744530583958,-0.041387609150345006,24.932941800831955,2.6328344034669433,-0.1074458058435438,-0.16471885336273429,31.500318179017448,9.216303977688854,36.52604664221778,,4,trend_break;macd_sell_like;trailing_stop;di_bear,True,False,True,False,True,False,True,False,False,4373.T,,947.0,22.494062,4.2838078,42.1,221.065,215826579456.0,1769668200.0,1769668200.0,1769668200.0,True,,,True,1769668200.0,2026-01-29,5.0
6,True,52.17391304347826,False,False,True,True,0.3719729934647105,99.0,99.0,464386620.0,464.38662,167.0,0.592814371257485,-0.4970059880239521,0.1657344715925817,6.1672123134383705,6.229507387311485,-0.12389380530973448,-0.22047244094488194,20.796666499934158,21.70712413073138,22.39467879100633,"fund_neg_eps,fund_small_mcap",4,cross_sma25_down;macd_sell_like;trailing_stop;di_bear,False,True,True,False,True,False,True,False,False,2315.T,http_401,,,,,,,,,,True,,,False,,,
4,False,36.97916666666667,False,False,False,False,0.3024526081511636,3000.0,3000.0,457672380.0,457.67238,3750.0,0.8,-0.519090909090909,-0.020850978414659882,126.59696501074804,4.219898833691601,-0.11764705882352944,-0.11764705882352944,27.764159634834407,22.278807890271928,25.363118029475203,,4,trend_break;macd_sell_like;trailing_stop;di_bear,True,False,True,False,True,False,True,False,False,6027.T,,3000.0,50.192406,11.080087,59.77,270.756,67832332288.0,,1754980200.0,1755498600.0,True,,,True,1754980200.0,2025-08-12,-117.0
2,False,16.747572815533985,False,False,True,False,0.36213533902857137,233.0,233.0,379876715.0,379.876715,774.0,0.30103359173126615,-0.6989664082687339,-0.5779864702100106,34.212890843673144,14.683644138915511,-0.5771324863883848,-0.6464339908952959,31.16021097454366,14.673013996195985,49.122066032858704,"fund_neg_eps,fund_small_mcap",4,trend_break;trailing_stop;di_bear;natr_spike,True,False,False,False,True,False,True,False,True,4598.T,,233.0,-1.445499100440474,7.565181,-161.19,30.799,2833210624.0,,1747290900.0,1747290900.0,True,,,False,1747290900.0,2025-05-15,-180.0
1,False,33.860759493670884,False,True,False,True,0.20231701614065448,1225.0,1225.0,266577750.0,266.57775,2521.208984375,0.48587800836497247,-0.5199945107230497,-0.26183187069527003,46.85171600475995,3.824629877939588,-0.12123385939741749,-0.1914191419141914,15.738043175318671,13.91423520523729,33.709371438896284,fund_small_mcap,4,trend_break;macd_sell_like;trailing_stop;vol_distribution,True,False,True,False,True,False,False,True,False,3791.T,,1225.0,39.08743,2.567908,31.34,477.042,24771244032.0,,1744353000.0,1744353000.0,True,,,False,1744353000.0,2025-04-11,-204.0
2,False,25.771812080536904,False,True,False,True,0.40711095003201325,2611.0,2611.0,237547775.0,237.547775,4475.0,0.583463687150838,-0.41653631284916204,-0.2064155422193923,114.16096534217834,4.372308132599707,-0.1214670255720054,-0.41653631284916204,32.0973550032711,12.892092773817959,34.65520607453454,fund_small_mcap,4,trend_break;trailing_stop;di_bear;vol_distribution,True,False,False,False,True,False,True,True,False,5132.T,,2611.0,70.58664,13.407758,36.99,194.738,20283482112.0,,1749639540.0,1749639540.0,True,,,False,1749639540.0,2025-06-11,-161.0
2,False,64.1750227894257,False,False,False,False,0.46160715761558474,1466.0,1466.0,237329115.0,237.329115,1704.0,0.8603286384976526,-0.6062222222222222,0.21531159975959047,106.27427397656913,7.249268347651373,-0.13967136150234738,-0.13967136150234738,41.52717408787245,41.37144068178472,19.613249097463637,"fund_neg_eps,fund_small_mcap",4,trend_break;rsi_reversal;trailing_stop;ext_dev200;natr_spike,True,False,False,True,True,True,False,False,True,4100.T,,1466.0,-3.0353223735972503,0.7848197,-482.98,1867.945,8475268608.0,,1754375400.0,1754980200.0,True,,,False,1754375400.0,2025-08-05,-122.0
3,False,18.509895227008144,False,False,True,False,0.3341746745973642,1899.0,1899.0,230951320.0,230.95132,2522.0,0.7529738302934179,-0.2777089751724524,-0.09902957167121862,68.9527116916997,3.6310011422696,-0.2470261697065821,-0.2470261697065821,51.32242393847919,16.76818524406737,53.9311611907282,fund_small_mcap,4,trend_break;trailing_stop;di_bear;natr_spike,True,False,False,False,True,False,True,False,True,3562.T,,1899.0,19.381506,3.1722806,97.98,598.623,12396069888.0,,1752127200.0,1752472800.0,True,,,False,1752127200.0,2025-07-10,-140.0
5,False,39.405204460966544,False,False,True,False,0.35969881267396836,518.0,518.0,222734250.0,222.73425,737.0,0.7028493894165536,-0.5317559153175592,-0.03421273422205651,21.042003654459897,4.062162867656351,-0.16720257234726688,-0.16720257234726688,33.06053370726121,31.28506617933399,18.024040426532324,"fund_neg_eps,fund_small_mcap",4,trend_break;cross_sma25_down;macd_sell_like;trailing_stop,True,True,True,False,True,False,False,False,False,7774.T,,518.0,-52.32323232323232,3.8576972,-9.9,134.277,21035954176.0,,1746000000.0,1746000000.0,True,,,False,1746000000.0,2025-04-30,-191.0
4,False,44.48188711036226,False,True,False,False,0.44726041259031935,2924.0,2924.0,216884000.0,216.884,3625.0,0.8066206896551724,-0.27414046895731214,-0.05579201379065568,121.268438416918,4.147347415079275,-0.09051321928460343,-0.09051321928460343,22.682290555675564,22.995715953463282,22.184952570179824,,4,trend_break;macd_sell_like;trailing_stop;vol_distribution,True,False,True,False,True,False,False,True,False,4431.T,,2924.0,32.532265,6.8092003,89.88,429.419,56318930944.0,,1749725940.0,1749725940.0,True,,,True,1749725940.0,2025-06-12,-160.0
3,False,34.39490445859873,False,False,True,True,0.5338938502288613,608.0,608.0,215583285.0,215.583285,841.0,0.72294887039239,-0.3483947681331748,-0.06684777186883684,22.662156622349276,3.7273283918337627,-0.13142857142857145,-0.21750321750321755,25.819597207089092,18.449061690882786,32.42755390401019,,4,trend_break;macd_sell_like;trailing_stop;di_bear,True,False,True,False,True,False,True,False,False,3798.T,,608.0,20.807667,3.1032598,29.22,195.923,34380197888.0,,1746772200.0,1746772200.0,True,,,True,1746772200.0,2025-05-09,-184.0
3,False,42.857142857142854,False,False,True,False,0.41996072427577336,360.0,360.0,189376655.0,189.376655,530.0,0.6792452830188679,-0.5720653789004457,-0.08872294646247314,20.622097637520756,5.728360454866877,-0.1408114558472554,-0.1408114558472554,49.074298484572516,32.272230411461074,12.452848803535478,"fund_neg_eps,fund_low_adv20,fund_small_mcap",4,trend_break;macd_sell_like;trailing_stop;natr_spike,True,False,True,False,True,False,False,False,True,6537.T,,360.0,-218.1818181818182,1.4411184,-1.65,249.806,2493132032.0,,1754548200.0,1754980200.0,True,,,False,1754548200.0,2025-08-07,-120.0
4,True,79.35723114956737,True,True,False,False,0.1738625265355559,1263.0,1263.0,176280815.0,176.280815,1430.0,0.8832167832167832,-0.35392900707253294,0.5819930858259432,80.63338194267868,6.384274104725153,-0.11678321678321679,-0.11678321678321679,45.46679265309422,74.65248054893408,1.330574193404796,"fund_low_adv20,fund_small_mcap",4,rsi_reversal;trailing_stop;ext_dev200;vol_distribution;natr_spike,False,False,False,True,True,True,False,True,True,4098.T,,1263.0,41.086533,0.723647,30.74,1745.326,3759345920.0,,1754546400.0,1754892000.0,True,,,False,1754546400.0,2025-08-07,-120.0
3,False,29.04040404040404,False,False,True,True,0.6642074154713979,1851.0,1851.0,173894130.0,173.89413,2821.206787109375,0.6561022072035158,-0.3639794323465608,-0.024874208479842896,49.63792764890925,2.681681666607739,-0.09619140625,-0.20308402660725544,23.030352079473786,16.775382888106662,34.8095361880507,"fund_low_adv20,fund_small_mcap",4,trend_break;macd_sell_like;trailing_stop;di_bear,True,False,True,False,True,False,True,False,False,3547.T,,1851.0,22.851852,4.157066,81.0,445.266,20033720320.0,,1752133800.0,1752479400.0,True,,,False,1752133800.0,2025-07-10,-140.0
1,False,27.58620689655173,False,False,False,True,0.1904988699479667,141.0,141.0,170453250.0,170.45325,250.0,0.564,-0.43600000000000005,-0.18621764349406966,3.719628686370014,2.6380345293404353,-0.09615384615384615,-0.18965517241379315,35.44013281822622,11.706227400652951,33.85634512280425,"fund_neg_eps,fund_low_adv20,fund_small_mcap",4,trend_break;macd_sell_like;trailing_stop;di_bear,True,False,True,False,True,False,True,False,False,4344.T,,141.0,-6.473829201101928,2.6914046,-21.78,52.389,19501737984.0,,1754546400.0,1754978400.0,True,,,False,1754546400.0,2025-08-07,-120.0
4,False,49.794238683127574,False,False,True,True,0.29253945454878855,760.0,760.0,155134010.0,155.13401,1349.2508544921875,0.5632755372877184,-0.6055484146424115,-0.13151698331468897,34.08955778898106,4.485468130129087,-0.13832199546485258,-0.13832199546485258,23.17186602520588,23.808258495788902,25.332081928041323,fund_low_adv20,4,trend_break;macd_sell_like;trailing_stop;di_bear,True,False,True,False,True,False,True,False,False,7352.T,,760.0,73.64341,8.913283,10.32,85.266,33059340288.0,,1752129000.0,1752474600.0,True,,,False,1752129000.0,2025-07-10,-140.0
2,False,29.74683544303798,False,True,False,False,0.4764056804315499,732.0,732.0,132203226.6418457,132.2032266418457,898.7096557617188,0.8145010964409626,-0.2566504315423652,-0.06075067479542917,19.27430549170229,2.633101843128728,-0.09741060419235514,-0.12388182156146588,14.237660124169565,16.41685595528533,30.728342269051286,"fund_low_adv20,fund_small_mcap",4,trend_break;macd_sell_like;trailing_stop;vol_distribution,True,False,True,False,True,False,False,True,False,6071.T,,732.0,15.775862,2.7620037,46.4,265.025,27722151936.0,,1754548200.0,1754980200.0,True,,,False,1754548200.0,2025-08-07,-120.0
5,False,39.99999999999999,False,False,False,True,0.23218548632704736,146.0,146.0,131753625.0,131.753625,161.0,0.906832298136646,-0.26321012621531115,0.020871936510156397,4.131471022613435,2.829774673022901,-0.051948051948051965,-0.051948051948051965,20.680086282962144,15.185353337305457,22.382974042846715,"fund_low_adv20,fund_small_mcap",4,trend_break;cross_sma25_down;macd_sell_like;di_bear,True,True,True,False,False,False,True,False,False,7610.T,,146.0,13.904762,1.4181366,10.5,102.952,9290916864.0,,1744614000.0,1744614000.0,True,,,False,1744614000.0,2025-04-14,-203.0
2,False,69.51672862453532,False,False,True,False,0.40955796103253855,538.0,538.0,120503465.0,120.503465,704.0,0.7642045454545454,-0.7217741935483871,-0.013441402453560292,34.637234150009284,6.438147611525889,-0.10779436152570476,-0.10779436152570476,46.13821076276478,39.70189929685312,16.308196628766446,"fund_low_adv20,fund_small_mcap",4,trend_break;rsi_reversal;trailing_stop;natr_spike,True,False,False,True,True,False,False,False,True,6182.T,,538.0,190.10602,3.0012774,2.83,179.257,5857512448.0,,1744612200.0,1744612200.0,True,,,False,1744612200.0,2025-04-14,-203.0
3,False,20.3125,False,False,True,True,0.3479669623080974,1415.0,1415.0,119469784.84191895,119.46978484191895,1843.6312255859375,0.7675070699403503,-0.3339076557250956,-0.11429419513326444,35.42920039430783,2.503830416558857,-0.16312901070411512,-0.23249293005964966,32.19612186301865,17.60857911531997,40.945432089494474,fund_low_adv20,4,trend_break;macd_sell_like;trailing_stop;di_bear,True,False,True,False,True,False,True,False,False,6078.T,,1415.0,61.388287,5.895981,23.05,239.994,37785231360.0,,1754980200.0,1755498600.0,True,,,False,1754980200.0,2025-08-12,-117.0
2,False,32.92682926829268,False,False,False,True,0.3143674272245384,1267.0,1267.0,98493015.0,98.493015,1542.5,0.8213938411669368,-0.3424989786709718,-0.030405993575578827,39.02692257285092,3.0802622393726065,-0.09435310936383134,-0.14852150537634412,21.040168260902107,18.96899754254436,23.39135533445841,"fund_low_adv20,fund_small_mcap",4,trend_break;macd_sell_like;trailing_stop;di_bear,True,False,True,False,True,False,True,False,False,4498.T,,1267.0,23.251972,2.9751563,54.49,425.86,20547196928.0,,1745389800.0,1745389800.0,True,,,False,1745389800.0,2025-04-23,-196.0
2,False,11.111111111111114,False,False,True,False,0.5529196803543803,1.0,1.0,96653850.0,96.65385,205.0,0.004878048780487805,-0.9951219512195122,-0.9887425419340313,4.457658264350501,445.7658264350501,-0.972972972972973,-0.9925373134328358,28.15826165693879,21.07803509285434,39.34428242610484,"fund_neg_eps,fund_low_adv20,fund_small_mcap",4,trend_break;trailing_stop;di_bear;natr_spike,True,False,False,False,True,False,True,False,True,2743.T,http_401,,,,,,,,,,True,,,False,,,
2,False,34.52914798206278,False,False,True,True,0.47178632621459077,276.0,276.0,93202240.0,93.20224,828.0,0.3333333333333333,-0.6666666666666667,-0.4294809516919197,26.8326362172036,9.721969643914347,-0.24795640326975477,-0.5369127516778524,40.0363926483956,9.959815220449633,33.06681505878253,"fund_neg_eps,fund_low_adv20,fund_small_mcap",4,trend_break;macd_sell_like;trailing_stop;di_bear,True,False,True,False,True,False,True,False,False,2338.T,http_401,,,,,,,,,,True,,,False,,,
3,False,19.75308641975309,True,False,True,False,0.41806995553272375,557.0,557.0,69496626.3659668,69.49662636596679,1187.4698486328125,0.4690645414208194,-0.5317775852244604,-0.4643523412700048,20.353113390294126,3.6540598546309027,-0.3603665314373615,-0.5309354585791806,72.20441361018652,6.924756456144809,71.51914990160351,"fund_neg_eps,fund_low_adv20,fund_small_mcap",4,trend_break;trailing_stop;di_bear;natr_spike,True,False,False,False,True,False,True,False,True,3261.T,http_401,,,,,,,,,,True,,,False,,,
1,False,85.6179775280899,True,True,False,False,0.2961068606658082,1570.0,1570.0,68327845.0,68.327845,1684.0,0.9323040380047506,-0.5471698113207547,0.2762878720135269,106.80613640152882,6.8029386243011984,-0.02180685358255452,-0.02180685358255452,38.147677413035616,79.89791310440351,5.736556026981183,"fund_low_adv20,fund_small_mcap",4,trend_break;rsi_reversal;ext_dev200;vol_distribution;natr_spike,True,False,False,True,False,True,False,True,True,9250.T,,1570.0,77.036316,-22.09805,20.38,-71.047,2120013440.0,,1744617600.0,1744617600.0,True,,,False,1744617600.0,2025-04-14,-203.0
1,False,83.63636363636364,False,True,False,False,0.35804617704178787,1108.0,1108.0,53943250.0,53.94325,1234.0,0.8978930307941653,-0.32803529656226504,-0.015374094690312479,17.49663304166679,1.5791185055655947,-0.0027002700270026825,-0.03146853146853146,39.70021173987513,45.36999149909663,6.552099496681472,"fund_low_adv20,fund_small_mcap",4,trend_break;rsi_reversal;vol_distribution;natr_spike,True,False,False,True,False,False,False,True,True,3418.T,,1108.0,26.737453,1.9938027,41.44,555.722,11960832000.0,,1749794400.0,1749794400.0,True,,,False,1749794400.0,2025-06-13,-159.0
2,False,34.774774774774784,False,True,False,True,0.32472100624528155,2498.0,2498.0,52260715.0,52.260715,3150.0,0.7930158730158731,-0.4769565217391304,-0.017780608834469636,88.11179281985554,3.5272935476323273,-0.09097525473071322,-0.20698412698412694,13.094671673520747,16.096223478854363,26.78431147948914,"fund_low_adv20,fund_small_mcap",4,trend_break;macd_sell_like;trailing_stop;vol_distribution,True,False,True,False,True,False,False,True,False,5582.T,,2498.0,43.91702,2.9536963,56.88,845.72,11873745920.0,,1747276260.0,1747276260.0,True,,,False,1747276260.0,2025-05-15,-180.0
1,False,79.16666666666667,False,True,False,False,0.49206698325624076,93.0,93.0,50349425.0,50.349425,159.0,0.5849056603773585,-0.6398305084745763,-0.08707175812309809,4.133979395864118,4.445139135337761,-0.03125,-0.06060606060606055,35.51648894418967,48.07425707580541,5.7795325540385765,"fund_neg_eps,fund_low_adv20,fund_small_mcap",4,trend_break;rsi_reversal;vol_distribution;natr_spike,True,False,False,True,False,False,False,True,True,4881.T,,93.0,-2.209026128266033,1.7653089,-42.1,52.682,3772432384.0,,1754461800.0,1754548200.0,True,,,False,1754461800.0,2025-08-06,-121.0
5,True,33.684210526315795,False,False,True,False,0.3072917818458106,924.0,924.0,44903765.0,44.903765,1009.0,0.9157581764122894,-0.21215469613259663,0.07547532168235072,24.567750034388705,2.6588474063191243,-0.0842418235877106,-0.0842418235877106,38.1615667326082,23.84789143136101,34.83944036851842,"fund_low_adv20,fund_small_mcap",4,macd_sell_like;trailing_stop;di_bear;natr_spike,False,False,True,False,True,False,True,False,True,7049.T,,924.0,13.760238,2.627411,67.15,351.677,7774513152.0,,1744353000.0,1744353000.0,True,,,False,1744353000.0,2025-04-11,-204.0
2,False,22.91666666666667,False,False,True,True,0.35533490868235007,654.0,654.0,44527171.32873535,44.52717132873535,1184.7874755859375,0.5519977324849453,-0.4741795952077027,-0.1494779911423294,13.837208937571154,2.115781183114855,-0.0954356846473029,-0.135903027534788,25.04597045775229,12.191057120541199,33.21380196309116,"fund_low_adv20,fund_small_mcap",4,trend_break;macd_sell_like;trailing_stop;di_bear,True,False,True,False,True,False,True,False,False,4054.T,,654.0,14.6571045,2.3454733,44.62,278.835,8976704512.0,,1754287200.0,1754632800.0,True,,,False,1754287200.0,2025-08-04,-123.0
2,False,30.180180180180173,False,True,False,True,0.5615201070085061,2437.0,2437.0,39913660.0,39.91366,3353.467041015625,0.7267105864448676,-0.27328941355513237,-0.004156244283895605,73.3090691231827,3.0081686140001103,-0.08452291510142751,-0.21132686084142394,19.616208585121996,15.277709768665229,36.41885295145329,"fund_low_adv20,fund_small_mcap",4,trend_break;macd_sell_like;trailing_stop;vol_distribution,True,False,True,False,True,False,False,True,False,5843.T,,2437.0,13.184376,2.7598968,184.84,883.004,6993451520.0,,1747202400.0,1747202400.0,True,,,False,1747202400.0,2025-05-14,-181.0
4,False,41.28440366972477,False,False,True,True,0.4772897171229568,1323.0,1323.0,37646010.0,37.64601,1676.0,0.7893794749403341,-0.22728820921145731,-0.0357599676400171,27.10145501632696,2.0484848840761116,-0.08758620689655172,-0.18884120171673824,22.384792455085083,15.587331585759975,34.31780377765455,"fund_low_adv20,fund_small_mcap",4,trend_break;macd_sell_like;trailing_stop;di_bear,True,False,True,False,True,False,True,False,False,4691.T,,1323.0,5.348696,2.4147182,247.35,547.89,15868852224.0,,1747204200.0,1747204200.0,True,,,False,1747204200.0,2025-05-14,-181.0
1,False,30.158730158730165,False,True,False,True,0.30727594835940286,220.0,220.0,33979906.6,33.9799066,616.0,0.35714285714285715,-0.6558441558441559,-0.35108987405244363,6.28052931414087,2.8547860518822135,-0.11646586345381527,-0.2028985507246377,32.085495642476154,17.41467974401169,36.05731261571519,"fund_neg_eps,fund_low_adv20,fund_small_mcap",4,trend_break;trailing_stop;di_bear;vol_distribution,True,False,False,False,True,False,True,True,False,1368.T,http_401,,,,,,,,,,True,,,False,,,
2,False,34.34343434343434,False,True,False,True,0.39150935830895345,478.0,478.0,32368545.0,32.368545,645.0,0.7410852713178294,-0.2610526315789473,-0.04880354211233273,12.748020789613973,2.666949955986187,-0.08778625954198471,-0.1098696461824954,16.81444154548409,14.04457486324121,27.601426371063596,"fund_low_adv20,fund_small_mcap",4,trend_break;macd_sell_like;trailing_stop;vol_distribution,True,False,True,False,True,False,False,True,False,4397.T,,478.0,21.697685,4.620947,22.03,103.442,7882977792.0,,1752127200.0,1752472800.0,True,,,False,1752127200.0,2025-07-10,-140.0
3,False,26.829268292682926,False,False,True,False,0.49999913169869836,556.0,556.0,31591660.0,31.59166,975.2942504882812,0.57008436143414,-0.4370929596630524,-0.21822770606426978,19.778071557692073,3.557207114692819,-0.14592933947772657,-0.18355359765051393,29.437505152119357,13.276919352585134,28.67142064732099,"fund_low_adv20,fund_small_mcap",4,trend_break;macd_sell_like;trailing_stop;di_bear,True,False,True,False,True,False,True,False,False,7351.T,,556.0,12.055508,1.1701174,46.12,475.166,4855988736.0,,1752127200.0,1752472800.0,True,,,False,1752127200.0,2025-07-10,-140.0
3,False,35.25179856115108,False,False,True,True,0.4800496914035851,690.0,690.0,26774425.0,26.774425,1089.0,0.6336088154269972,-0.566958138592959,-0.23149608853951764,18.631150190543526,2.70016669428167,-0.09329829172141924,-0.17266187050359716,30.353026904727862,13.999024305975407,32.917062121659605,"fund_neg_eps,fund_low_adv20,fund_small_mcap",4,trend_break;macd_sell_like;trailing_stop;di_bear,True,False,True,False,True,False,True,False,False,3760.T,,690.0,-1.2769264934488118,1.3216391,-540.36,522.079,4157873152.0,,1744353000.0,1744353000.0,True,,,False,1744353000.0,2025-04-11,-204.0
3,False,55.17241379310345,False,True,False,False,0.2711405594717884,344.0,344.0,20632370.0,20.63237,387.3194274902344,0.8881558103838553,-0.44248202312223783,-0.004263023927812304,12.747925171032753,3.705792200881614,-0.10649350649350653,-0.10649350649350653,28.286664520775926,31.42947564112677,13.870031246222942,"fund_low_adv20,fund_small_mcap",4,trend_break;trailing_stop;vol_distribution;natr_spike,True,False,False,False,True,False,False,True,True,4707.T,,344.0,9.264745,0.54561174,37.13,630.485,1926554496.0,,1756360800.0,1756706400.0,True,,,False,1756360800.0,2025-08-28,-105.0
1,False,60.264900662251655,False,True,False,False,0.4121716721064787,336.0,336.0,18504065.0,18.504065,610.0,0.5508196721311476,-0.5370138017565872,-0.2535821392869043,18.02232714312951,5.363787840217116,-0.11578947368421055,-0.1578947368421053,31.43501506974104,37.93774209756749,10.205106671900294,"fund_low_adv20,fund_small_mcap",4,trend_break;rsi_reversal;trailing_stop;vol_distribution,True,False,False,True,True,False,False,True,False,6696.T,,336.0,85.9335,4.3231,3.91,77.722,1621159680.0,,1757311200.0,1757656800.0,True,,,False,1757311200.0,2025-09-08,-98.0
3,False,44.7098976109215,False,False,True,True,0.3045458547825022,843.0,843.0,15728985.0,15.728985,1676.69482421875,0.5027748567141864,-0.6093504968590842,-0.30119203541290174,34.03157653623539,4.036960443207045,-0.09743040685224835,-0.3027295285359801,16.234039989096534,21.978847105865032,26.44672865909015,"fund_low_adv20,fund_small_mcap",4,trend_break;cross_sma25_down;macd_sell_like;trailing_stop,True,True,True,False,True,False,False,False,False,5138.T,,843.0,15.268973,3.3012865,55.21,255.355,4143225344.0,,1747204260.0,1747204260.0,True,,,False,1747204260.0,2025-05-14,-181.0
3,False,53.37243401759531,False,False,True,False,0.10005346161451677,801.0,801.0,14975650.0,14.97565,1087.0,0.7368905243790248,-0.4738415545590433,-0.0887112830285276,45.10269536435851,5.630798422516668,-0.2631094756209752,-0.2631094756209752,36.38563366633112,41.071397451701024,24.564472365160523,"fund_low_adv20,fund_small_mcap",4,trend_break;macd_sell_like;trailing_stop;natr_spike,True,False,True,False,True,False,False,False,True,7360.T,,801.0,18.855932,2.1989908,42.48,364.258,2093441536.0,,1744612200.0,1744612200.0,True,,,False,1744612200.0,2025-04-14,-203.0
3,False,43.99999999999999,False,True,False,True,0.5786592203054142,814.0,814.0,14512685.0,14.512685,1112.0,0.7320143884892086,-0.29496402877697847,-0.08942103242760613,20.331387018374514,2.497713392920702,-0.02163461538461542,-0.225499524262607,28.108852788434046,12.85338095626726,26.90045411508385,"fund_low_adv20,fund_small_mcap",4,trend_break;cross_sma25_down;di_bear;vol_distribution,True,True,False,False,False,False,True,True,False,4346.T,,814.0,11.474485,2.4459798,70.94,332.791,10588660736.0,,1754550000.0,1754982000.0,True,,,False,1754550000.0,2025-08-07,-120.0
5,True,48.507462686567166,False,True,False,False,0.3872744521355687,1136.0,1136.0,14292585.2,14.2925852,1180.0,0.9627118644067797,-0.09975146045373051,0.07602120602297169,15.796106098894153,1.3905022974378656,-0.037288135593220306,-0.037288135593220306,18.50880140332399,22.67219802445368,12.247883904689678,"fund_neg_eps,fund_low_adv20,fund_small_mcap",4,cross_sma25_down;macd_sell_like;rsi_reversal;vol_distribution,False,True,True,True,False,False,False,True,False,2098.T,http_401,,,,,,,,,,True,,,False,,,
3,False,15.686274509803908,False,False,True,True,0.4985911921099654,1440.0,1440.0,13560320.0,13.56032,1880.0,0.7659574468085106,-0.24734042553191493,-0.12627721282430882,49.96466416084726,3.469768344503282,-0.2008879023307436,-0.22829581993569137,43.59189738910028,13.252801381055109,40.900746482667195,"fund_low_adv20,fund_small_mcap",4,trend_break;trailing_stop;di_bear;natr_spike,True,False,False,False,True,False,True,False,True,6772.T,,1440.0,25.126505,1.3026829,57.31,1105.411,9736250368.0,,1747029000.0,1747029000.0,True,,,False,1747029000.0,2025-05-12,-183.0
1,False,17.647058823529406,False,False,False,True,0.21550602524588974,635.0,635.0,11438375.0,11.438375,1074.0,0.5912476722532588,-0.4443686006825939,-0.22669427023077393,9.425126110696793,1.4842718284561878,-0.099290780141844,-0.22560975609756095,54.99371487779459,7.343615910749489,51.788853548552126,"fund_neg_eps,fund_low_adv20,fund_small_mcap",4,trend_break;macd_sell_like;trailing_stop;di_bear,True,False,True,False,True,False,True,False,False,6612.T,,635.0,-14.895613417780904,1.5262406,-42.63,416.055,5412056064.0,,1747204200.0,1747204200.0,True,,,False,1747204200.0,2025-05-14,-181.0
4,False,36.8421052631579,False,False,True,True,0.44433147191286276,729.0,729.0,10755480.0,10.75548,1086.4197998046875,0.6710113347815061,-0.4315424344616181,-0.1297959708948503,21.794595033585253,2.9896563832078535,-0.09328358208955223,-0.2037621241265769,24.09446528754417,15.673398201014207,28.1034138379466,"fund_low_adv20,fund_small_mcap",4,trend_break;macd_sell_like;trailing_stop;di_bear,True,False,True,False,True,False,True,False,False,3907.T,,729.0,7.3927593,1.1507117,98.61,633.521,2001089024.0,,1752044400.0,1752476400.0,True,,,False,1752044400.0,2025-07-09,-141.0
2,False,60.0,False,True,False,False,0.3701218772751746,229.0,229.0,9557645.0,9.557645,260.0,0.8807692307692307,-0.35608308605341243,-0.03251019244174991,5.428547483320743,2.370544752541809,-0.05371900826446285,-0.05371900826446285,44.9917827123204,52.28256127143182,4.135072830943368,"fund_low_adv20,fund_small_mcap",4,trend_break;rsi_reversal;vol_distribution;natr_spike,True,False,False,True,False,False,False,True,True,3372.T,,229.0,9.569578,2.83125,23.93,80.883,3137014528.0,,1747206000.0,1747206000.0,True,,,False,1747206000.0,2025-05-14,-181.0
2,False,2.0202020202020066,False,False,True,True,0.4212157444792057,662.0,662.0,8775925.0,8.775925,1157.0,0.5721694036300777,-0.5027777777777778,-0.20269301874634915,22.693444020396417,3.428012691902782,-0.1254953764861294,-0.21656804733727808,45.83661111470807,6.332030042837365,33.970972217129855,"fund_low_adv20,fund_small_mcap",4,trend_break;macd_sell_like;trailing_stop;di_bear,True,False,True,False,True,False,True,False,False,4416.T,,662.0,73.14917,2.8614035,9.05,231.355,3204874496.0,,1747220340.0,1747220340.0,True,,,False,1747220340.0,2025-05-14,-181.0
2,False,42.5,False,True,False,True,0.29755761502669387,1310.0,1310.0,2968841.0955810547,2.9688410955810545,1572.2730712890625,0.8331886005819382,-0.17625801616933334,-0.058920556275192215,10.740299929240267,0.8198702236061274,-0.01799100449775115,-0.07920574768800115,26.18499248158897,21.465182972316615,43.678396888834236,"fund_low_adv20,fund_small_mcap",4,trend_break;cross_sma25_down;di_bear;vol_distribution,True,True,False,False,False,False,True,True,False,3426.T,,1310.0,13.372806,0.50048655,97.96,2617.453,5226581504.0,,1754287200.0,1754632800.0,True,,,False,1754287200.0,2025-08-04,-123.0
4,True,12.06896551724138,False,False,True,True,0.17529214842965382,4800.0,4800.0,2788800.0,2.7888,5240.0,0.916030534351145,-0.15527949218439696,0.16557145300618847,69.65731127759464,1.4511939849498885,-0.08396946564885499,-0.08396946564885499,23.193622794460083,37.10970351810125,47.412002960132334,"fund_neg_eps,fund_low_adv20,fund_small_mcap",4,cross_sma25_down;macd_sell_like;trailing_stop;di_bear,False,True,True,False,True,False,True,False,False,2961.T,http_401,,,,,,,,,,True,,,False,,,
3,False,49.557522123893804,False,False,True,False,0.40188781698879605,608.0,608.0,2579650.0,2.57965,929.0,0.6544671689989235,-0.35844994617868675,-0.17786176448714386,13.7026009703759,2.2537172648644574,-0.05736434108527133,-0.1590594744121715,25.794897353038408,15.4070370488462,28.117616822981617,"fund_low_adv20,fund_small_mcap",4,trend_break;cross_sma25_down;macd_sell_like;di_bear,True,True,True,False,False,False,True,False,False,4178.T,,608.0,35.59719,1.429717,17.08,425.259,2276108800.0,,1747204200.0,1747204200.0,True,,,False,1747204200.0,2025-05-14,-181.0
4,True,34.375,False,True,False,False,0.22061029148520106,1870.0,1870.0,1832840.0,1.83284,1968.0,0.9502032520325203,-0.2514429886236148,0.023090663887361584,18.35352604768794,0.9814719811597828,-0.04979674796747968,-0.04979674796747968,33.93395935663377,24.331203388091918,39.552214058725625,"fund_low_adv20,fund_small_mcap",4,macd_sell_like;di_bear;vol_distribution;natr_spike,False,False,True,False,False,False,True,True,True,7502.T,,1870.0,12.324524,2.073849,151.73,901.705,4353010176.0,,1747033200.0,1747033200.0,True,,,False,1747033200.0,2025-05-12,-183.0
6,True,54.15174939567921,False,False,True,False,0.4293749235033319,49180.0,49180.0,91453.2146484375,0.0914532146484375,55004.0,0.8941167915060723,-0.30056416825592225,0.14813516523114223,916.2600840938798,1.8630745914881655,-0.10588320849392774,-0.10588320849392774,55.486437128362766,55.343001718842274,44.12098463840869,"fund_neg_eps,fund_low_adv20,fund_small_mcap",4,cross_sma25_down;macd_sell_like;trailing_stop;natr_spike,False,True,True,False,True,False,False,False,True,1485.T,http_401,,,,,,,,,,True,,,False,,,
2,False,83.4061135371179,False,False,True,True,0.4717639291638835,1641.0,1641.0,582900990.0,582.90099,1651.1834716796875,0.9938326225677827,-0.30693864546435945,0.0869925901010351,25.449503292357434,1.5508533389614525,0.0,0.0,48.89068515042544,43.042210283209144,6.317735589860341,earnings_blackout,2,trend_break;rsi_reversal;before_earnings,True,False,False,True,False,False,False,False,False,5423.T,,1641.0,10.817403,0.7899882,151.7,2077.246,168235876352.0,1769149800.0,1769149800.0,1769149800.0,True,,,True,1769149800.0,2026-01-23,1.0
6,True,50.0,False,False,True,False,0.4159484140837481,375000.0,375000.0,488198600.0,488.1986,387500.0,0.967741935483871,-0.15058839037860827,0.10435652507129412,5308.844912394845,1.4156919766386253,-0.032258064516129004,-0.032258064516129004,23.92797919099506,15.542678374588286,21.945022095511778,earnings_blackout,2,macd_sell_like;di_bear;before_earnings,False,False,True,False,False,False,True,False,False,8976.T,,375000.0,25.125628,0.7245821,14925.0,517539.72,354914631680.0,1769063400.0,1769063400.0,1769063400.0,True,,,True,1769063400.0,2026-01-22,0.0
4,True,37.423312883435585,False,True,False,False,0.42789041720812565,164000.0,164000.0,273534400.0,273.5344,176830.8125,0.9274401767508703,-0.12465352487470582,0.026908470783599592,2169.230428583195,1.3227014808434117,-0.03699354081033468,-0.07255982324912968,17.743393487396954,13.139833011026084,26.611324280474406,earnings_blackout,1,macd_sell_like;before_earnings,False,False,True,False,False,False,False,False,False,8977.T,,164000.0,25.219673,1.3170013,6502.86,124525.31,114012798976.0,1769149800.0,1769149800.0,1769149800.0,True,,,True,1769149800.0,2026-01-23,1.0
